session_idx,teacher_id,course_id,course_name,prodi,room_id,day_idx,day,start_slot,end_slot,slots,session_type
0,75,CSD60706,Administrasi Basis Data,Teknologi Informasi,F2.6,2,Wednesday,11,13,2,Theory
1,91,CSD60706,Administrasi Basis Data,Teknologi Informasi,F3.12,2,Wednesday,7,9,2,Theory
2,102,CSD60706,Administrasi Basis Data,Teknologi Informasi,F3.1,1,Tuesday,8,10,2,Theory
3,TBA_47,CSD60706,Administrasi Basis Data,Teknologi Informasi,F4.2,0,Monday,4,6,2,Theory
4,65,CIT62015,Administrasi Sistem,Teknologi Informasi,F2.1,2,Wednesday,4,7,3,Theory
5,75,CIT62015,Administrasi Sistem,Teknologi Informasi,F3.16,3,Thursday,3,6,3,Theory
6,104,CIT62015,Administrasi Sistem,Teknologi Informasi,F3.1,3,Thursday,5,8,3,Theory
7,65,CIT62015,Administrasi Sistem - Praktikum,Teknologi Informasi,F2.2,3,Thursday,7,10,3,Practicum
8,75,CIT62015,Administrasi Sistem - Praktikum,Teknologi Informasi,F2.8,1,Tuesday,9,12,3,Practicum
9,104,CIT62015,Administrasi Sistem - Praktikum,Teknologi Informasi,G1.6,0,Monday,8,11,3,Practicum
10,16,CIT62011,Aljabar Linear dan Matriks,Teknologi Informasi,G1.3,4,Friday,8,10,2,Theory
11,54,CIT62011,Aljabar Linear dan Matriks,Teknologi Informasi,F2.8,0,Monday,3,5,2,Theory
12,63,CIT62011,Aljabar Linear dan Matriks,Teknologi Informasi,F4.5,1,Tuesday,4,6,2,Theory
13,77,CIT62011,Aljabar Linear dan Matriks,Teknologi Informasi,F4.13,0,Monday,5,7,2,Theory
14,92,CIT62011,Aljabar Linear dan Matriks,Teknologi Informasi,F3.17,3,Thursday,0,2,2,Theory
15,93,CIT62011,Aljabar Linear dan Matriks,Teknologi Informasi,F3.14,3,Thursday,6,8,2,Theory
16,100,CIT62011,Aljabar Linear dan Matriks,Teknologi Informasi,F3.11,1,Tuesday,1,3,2,Theory
17,103,CIT62011,Aljabar Linear dan Matriks,Teknologi Informasi,F3.5b,2,Wednesday,2,4,2,Theory
18,107,CIT62011,Aljabar Linear dan Matriks,Teknologi Informasi,F3.9,0,Monday,6,8,2,Theory
19,100,CSD60716,Analisis Data Penelitian Kualitatif,Pendidikan Teknologi Informasi,F3.7a,3,Thursday,0,2,2,Theory
20,TBA_1,CSD60716,Analisis Data Penelitian Kualitatif,Pendidikan Teknologi Informasi,F3.5b,3,Thursday,1,3,2,Theory
21,TBA_2,CSD60716,Analisis Data Penelitian Kualitatif,Pendidikan Teknologi Informasi,F4.2,1,Tuesday,9,11,2,Theory
22,12,CSD60716,Analisis Data Penelitian Kualitatif,Sistem Informasi,G1.2,0,Monday,5,7,2,Theory
23,37,CSD60716,Analisis Data Penelitian Kualitatif,Sistem Informasi,G1.6,3,Thursday,2,4,2,Theory
24,87,CSD60716,Analisis Data Penelitian Kualitatif,Sistem Informasi,F3.2,1,Tuesday,2,4,2,Theory
25,100,CSD60716,Analisis Data Penelitian Kualitatif,Sistem Informasi,F3.16,0,Monday,1,3,2,Theory
26,TBA_35,CSD60716,Analisis Data Penelitian Kualitatif,Sistem Informasi,F3.5a,1,Tuesday,4,6,2,Theory
27,TBA_36,CSD60716,Analisis Data Penelitian Kualitatif,Sistem Informasi,F4.13,1,Tuesday,2,4,2,Theory
28,11,CSD60715,Analisis Data Penelitian Kuantitatif,Pendidikan Teknologi Informasi,F4.4,3,Thursday,4,6,2,Theory
29,16,CSD60715,Analisis Data Penelitian Kuantitatif,Pendidikan Teknologi Informasi,G1.3,0,Monday,11,13,2,Theory
30,63,CSD60715,Analisis Data Penelitian Kuantitatif,Pendidikan Teknologi Informasi,F2.2,2,Wednesday,10,12,2,Theory
31,100,CSD60715,Analisis Data Penelitian Kuantitatif,Pendidikan Teknologi Informasi,G1.4,0,Monday,2,4,2,Theory
32,TBA_3,CSD60715,Analisis Data Penelitian Kuantitatif,Pendidikan Teknologi Informasi,F2.6,2,Wednesday,7,9,2,Theory
33,TBA_4,CSD60715,Analisis Data Penelitian Kuantitatif,Pendidikan Teknologi Informasi,F2.4,3,Thursday,0,2,2,Theory
34,11,CSD60715,Analisis Data Penelitian Kuantitatif,Sistem Informasi,F3.2,0,Monday,0,2,2,Theory
35,12,CSD60715,Analisis Data Penelitian Kuantitatif,Sistem Informasi,F4.14,2,Wednesday,9,11,2,Theory
36,16,CSD60715,Analisis Data Penelitian Kuantitatif,Sistem Informasi,F4.2,1,Tuesday,7,9,2,Theory
37,37,CSD60715,Analisis Data Penelitian Kuantitatif,Sistem Informasi,F3.6,0,Monday,3,5,2,Theory
38,40,CSD60715,Analisis Data Penelitian Kuantitatif,Sistem Informasi,F4.11,0,Monday,3,5,2,Theory
39,87,CSD60715,Analisis Data Penelitian Kuantitatif,Sistem Informasi,F4.9,0,Monday,6,8,2,Theory
40,100,CSD60715,Analisis Data Penelitian Kuantitatif,Sistem Informasi,F4.7,1,Tuesday,8,10,2,Theory
41,108,CSD60715,Analisis Data Penelitian Kuantitatif,Sistem Informasi,F4.10,2,Wednesday,6,8,2,Theory
42,TBA_37,CSD60715,Analisis Data Penelitian Kuantitatif,Sistem Informasi,F4.12,3,Thursday,3,5,2,Theory
43,4,CIE61208,Basis Data,Pendidikan Teknologi Informasi,F3.6,2,Wednesday,3,5,2,Theory
44,4,CIE61208,Basis Data - Praktikum,Pendidikan Teknologi Informasi,G1.4,4,Friday,10,12,2,Practicum
45,16,CSD60707,Big Data dan Analitik,Sistem Informasi,F3.12,0,Monday,3,5,2,Theory
46,20,CSD60707,Big Data dan Analitik,Sistem Informasi,F4.9,0,Monday,10,12,2,Theory
47,52,CSD60707,Big Data dan Analitik,Sistem Informasi,G1.2,4,Friday,0,2,2,Theory
48,72,CSD60707,Big Data dan Analitik,Sistem Informasi,F3.10,0,Monday,5,7,2,Theory
49,80,CSD60707,Big Data dan Analitik,Sistem Informasi,F2.6,1,Tuesday,8,10,2,Theory
50,89,CSD60707,Big Data dan Analitik,Sistem Informasi,F2.6,3,Thursday,11,13,2,Theory
51,102,CSD60707,Big Data dan Analitik,Sistem Informasi,G1.3,0,Monday,1,3,2,Theory
52,20,CSD60707,Big Data dan Analitik,Teknologi Informasi,F4.4,2,Wednesday,2,4,2,Theory
53,48,CSD60707,Big Data dan Analitik,Teknologi Informasi,F4.11,2,Wednesday,3,5,2,Theory
54,52,CSD60707,Big Data dan Analitik,Teknologi Informasi,F3.3,3,Thursday,0,2,2,Theory
55,80,CSD60707,Big Data dan Analitik,Teknologi Informasi,F3.15,4,Friday,8,10,2,Theory
56,89,CSD60707,Big Data dan Analitik,Teknologi Informasi,F3.5b,3,Thursday,8,10,2,Theory
57,93,CSD60707,Big Data dan Analitik,Teknologi Informasi,F2.1,3,Thursday,8,10,2,Theory
58,102,CSD60707,Big Data dan Analitik,Teknologi Informasi,F4.5,0,Monday,6,8,2,Theory
59,TBA_48,CSD60707,Big Data dan Analitik,Teknologi Informasi,F4.11,1,Tuesday,9,11,2,Theory
60,4,COM60061,Capstone Project,Sistem Informasi,F4.10,0,Monday,9,11,2,Theory
61,22,COM60061,Capstone Project,Sistem Informasi,F3.7b,2,Wednesday,5,7,2,Theory
62,40,COM60061,Capstone Project,Sistem Informasi,F4.9,3,Thursday,3,5,2,Theory
63,47,COM60061,Capstone Project,Sistem Informasi,F2.1,0,Monday,1,3,2,Theory
64,76,COM60061,Capstone Project,Sistem Informasi,F3.13,3,Thursday,4,6,2,Theory
65,87,COM60061,Capstone Project,Sistem Informasi,F3.4,3,Thursday,10,12,2,Theory
66,108,COM60061,Capstone Project,Sistem Informasi,F4.9,4,Friday,1,3,2,Theory
67,4,CIT62001,Dasar Desain Antarmuka Pengguna,Teknologi Informasi,F2.9,0,Monday,9,11,2,Theory
68,16,CIT62001,Dasar Desain Antarmuka Pengguna,Teknologi Informasi,F3.16,2,Wednesday,4,6,2,Theory
69,22,CIT62001,Dasar Desain Antarmuka Pengguna,Teknologi Informasi,F3.10,4,Friday,7,9,2,Theory
70,45,CIT62001,Dasar Desain Antarmuka Pengguna,Teknologi Informasi,F4.9,3,Thursday,6,8,2,Theory
71,47,CIT62001,Dasar Desain Antarmuka Pengguna,Teknologi Informasi,F3.14,0,Monday,1,3,2,Theory
72,62,CIT62001,Dasar Desain Antarmuka Pengguna,Teknologi Informasi,F4.2,1,Tuesday,4,6,2,Theory
73,16,CIT61021,Data Warehouse,Teknologi Informasi,F4.9,1,Tuesday,5,7,2,Theory
74,73,CIT61021,Data Warehouse,Teknologi Informasi,F2.1,3,Thursday,2,4,2,Theory
75,102,CIT61021,Data Warehouse,Teknologi Informasi,G1.6,4,Friday,3,5,2,Theory
76,TBA_49,CIT61021,Data Warehouse,Teknologi Informasi,F3.12,1,Tuesday,0,2,2,Theory
77,4,CIS62102,Desain Antar Muka Pengguna,Sistem Informasi,F4.11,2,Wednesday,5,7,2,Theory
78,12,CIS62102,Desain Antar Muka Pengguna,Sistem Informasi,F4.10,0,Monday,2,4,2,Theory
79,16,CIS62102,Desain Antar Muka Pengguna,Sistem Informasi,G1.2,1,Tuesday,0,2,2,Theory
80,22,CIS62102,Desain Antar Muka Pengguna,Sistem Informasi,F4.11,1,Tuesday,1,3,2,Theory
81,37,CIS62102,Desain Antar Muka Pengguna,Sistem Informasi,F4.10,3,Thursday,2,4,2,Theory
82,45,CIS62102,Desain Antar Muka Pengguna,Sistem Informasi,F4.6,1,Tuesday,9,11,2,Theory
83,47,CIS62102,Desain Antar Muka Pengguna,Sistem Informasi,F2.4,3,Thursday,1,3,2,Theory
84,62,CIS62102,Desain Antar Muka Pengguna,Sistem Informasi,F2.8,3,Thursday,6,8,2,Theory
85,70,CIS62102,Desain Antar Muka Pengguna,Sistem Informasi,F4.9,0,Monday,6,8,2,Theory
86,87,CIS62102,Desain Antar Muka Pengguna,Sistem Informasi,F4.2,0,Monday,8,10,2,Theory
87,1,CSD60704,Desain Basis Data,Teknologi Informasi,F4.6,4,Friday,10,12,2,Theory
88,16,CSD60704,Desain Basis Data,Teknologi Informasi,F2.8,4,Friday,10,12,2,Theory
89,20,CSD60704,Desain Basis Data,Teknologi Informasi,F3.3,4,Friday,0,2,2,Theory
90,22,CSD60704,Desain Basis Data,Teknologi Informasi,F2.2,0,Monday,6,8,2,Theory
91,29,CSD60704,Desain Basis Data,Teknologi Informasi,F3.10,0,Monday,2,4,2,Theory
92,73,CSD60704,Desain Basis Data,Teknologi Informasi,F4.7,4,Friday,4,6,2,Theory
93,75,CSD60704,Desain Basis Data,Teknologi Informasi,F4.7,0,Monday,0,2,2,Theory
94,91,CSD60704,Desain Basis Data,Teknologi Informasi,F3.9,4,Friday,5,7,2,Theory
95,98,CSD60704,Desain Basis Data,Teknologi Informasi,F3.4,3,Thursday,5,7,2,Theory
96,102,CSD60704,Desain Basis Data,Teknologi Informasi,G1.5,3,Thursday,10,12,2,Theory
97,108,CSD60704,Desain Basis Data,Teknologi Informasi,F4.3,1,Tuesday,5,7,2,Theory
98,TBA_50,CSD60704,Desain Basis Data,Teknologi Informasi,F2.2,0,Monday,6,8,2,Theory
99,6,CIS62108,Enterprise Architecture I,Sistem Informasi,F4.10,1,Tuesday,1,3,2,Theory
100,13,CIS62108,Enterprise Architecture I,Sistem Informasi,G1.4,2,Wednesday,10,12,2,Theory
101,55,CIS62108,Enterprise Architecture I,Sistem Informasi,G1.2,0,Monday,10,12,2,Theory
102,62,CIS62108,Enterprise Architecture I,Sistem Informasi,F3.13,2,Wednesday,8,10,2,Theory
103,76,CIS62108,Enterprise Architecture I,Sistem Informasi,F3.9,4,Friday,2,4,2,Theory
104,87,CIS62108,Enterprise Architecture I,Sistem Informasi,F3.9,2,Wednesday,10,12,2,Theory
105,TBA_38,CIS62108,Enterprise Architecture I,Sistem Informasi,F4.14,0,Monday,3,5,2,Theory
106,4,COM60052,Etika Profesi,Pendidikan Teknologi Informasi,F3.3,3,Thursday,0,2,2,Theory
107,22,COM60052,Etika Profesi,Pendidikan Teknologi Informasi,F4.6,0,Monday,8,10,2,Theory
108,48,COM60052,Etika Profesi,Pendidikan Teknologi Informasi,F3.18,3,Thursday,4,6,2,Theory
109,59,COM60052,Etika Profesi,Pendidikan Teknologi Informasi,F4.4,3,Thursday,9,11,2,Theory
110,77,COM60052,Etika Profesi,Pendidikan Teknologi Informasi,F2.4,0,Monday,10,12,2,Theory
111,94,COM60052,Etika Profesi,Pendidikan Teknologi Informasi,F3.6,3,Thursday,0,2,2,Theory
112,TBA_6,COM60052,Etika Profesi,Pendidikan Teknologi Informasi,F3.9,0,Monday,11,13,2,Theory
113,4,CIS62126,Evaluasi Pengalaman dan Antarmuka Pengguna,Sistem Informasi,F4.12,0,Monday,4,6,2,Theory
114,12,CIS62126,Evaluasi Pengalaman dan Antarmuka Pengguna,Sistem Informasi,F3.15,3,Thursday,6,8,2,Theory
115,16,CIS62126,Evaluasi Pengalaman dan Antarmuka Pengguna,Sistem Informasi,F2.8,4,Friday,4,6,2,Theory
116,45,CIS62126,Evaluasi Pengalaman dan Antarmuka Pengguna,Sistem Informasi,F3.13,1,Tuesday,10,12,2,Theory
117,47,CIS62126,Evaluasi Pengalaman dan Antarmuka Pengguna,Sistem Informasi,F4.4,1,Tuesday,1,3,2,Theory
118,55,CIS62126,Evaluasi Pengalaman dan Antarmuka Pengguna,Sistem Informasi,F2.1,4,Friday,10,12,2,Theory
119,60,CIS62126,Evaluasi Pengalaman dan Antarmuka Pengguna,Sistem Informasi,F3.2,2,Wednesday,2,4,2,Theory
120,62,CIS62126,Evaluasi Pengalaman dan Antarmuka Pengguna,Sistem Informasi,F2.9,2,Wednesday,2,4,2,Theory
121,83,CIS62126,Evaluasi Pengalaman dan Antarmuka Pengguna,Sistem Informasi,F3.5a,0,Monday,0,2,2,Theory
122,87,CIS62126,Evaluasi Pengalaman dan Antarmuka Pengguna,Sistem Informasi,F4.9,1,Tuesday,3,5,2,Theory
123,11,CIS62125,GeoInformasi Lanjut,Sistem Informasi,F3.2,3,Thursday,5,7,2,Theory
124,87,CIS62125,GeoInformasi Lanjut,Sistem Informasi,F2.5,4,Friday,1,3,2,Theory
125,11,CIS62125,GeoInformasi Lanjut - Praktikum,Sistem Informasi,G1.2,0,Monday,0,2,2,Practicum
126,87,CIS62125,GeoInformasi Lanjut - Praktikum,Sistem Informasi,F2.8,4,Friday,0,2,2,Practicum
127,16,CIS60107,Gudang Data,Sistem Informasi,F4.7,0,Monday,0,2,2,Theory
128,72,CIS60107,Gudang Data,Sistem Informasi,F4.5,4,Friday,6,8,2,Theory
129,73,CIS60107,Gudang Data,Sistem Informasi,F2.9,0,Monday,6,8,2,Theory
130,102,CIS60107,Gudang Data,Sistem Informasi,G1.4,0,Monday,8,10,2,Theory
131,1,CIT62022,Implementasi dan Pengujian Sistem Informasi,Teknologi Informasi,F4.5,1,Tuesday,0,2,2,Theory
132,4,CIT62022,Implementasi dan Pengujian Sistem Informasi,Teknologi Informasi,F4.14,3,Thursday,2,4,2,Theory
133,6,CIT62022,Implementasi dan Pengujian Sistem Informasi,Teknologi Informasi,G1.3,1,Tuesday,8,10,2,Theory
134,16,CIT62022,Implementasi dan Pengujian Sistem Informasi,Teknologi Informasi,F3.4,2,Wednesday,4,6,2,Theory
135,31,CIT62022,Implementasi dan Pengujian Sistem Informasi,Teknologi Informasi,F4.13,0,Monday,2,4,2,Theory
136,40,CIT62022,Implementasi dan Pengujian Sistem Informasi,Teknologi Informasi,F2.4,2,Wednesday,0,2,2,Theory
137,67,CIT62022,Implementasi dan Pengujian Sistem Informasi,Teknologi Informasi,G1.4,3,Thursday,11,13,2,Theory
138,94,CIT62022,Implementasi dan Pengujian Sistem Informasi,Teknologi Informasi,F2.8,1,Tuesday,4,6,2,Theory
139,TBA_51,CIT62022,Implementasi dan Pengujian Sistem Informasi,Teknologi Informasi,F3.14,2,Wednesday,7,9,2,Theory
140,1,CIT60048,Information Retrieval,Teknologi Informasi,F4.7,3,Thursday,0,2,2,Theory
141,47,CIT60048,Information Retrieval,Teknologi Informasi,F3.5b,2,Wednesday,9,11,2,Theory
142,52,CIT60048,Information Retrieval,Teknologi Informasi,F4.9,3,Thursday,7,9,2,Theory
143,80,CIT60048,Information Retrieval,Teknologi Informasi,F4.4,2,Wednesday,6,8,2,Theory
144,89,CIT60048,Information Retrieval,Teknologi Informasi,F4.3,3,Thursday,2,4,2,Theory
145,93,CIT60048,Information Retrieval,Teknologi Informasi,F3.16,4,Friday,9,11,2,Theory
146,97,CIT60048,Information Retrieval,Teknologi Informasi,F3.7b,2,Wednesday,0,2,2,Theory
147,107,CIT60048,Information Retrieval,Teknologi Informasi,F3.5a,3,Thursday,0,2,2,Theory
148,4,CIE62401,Inovasi Digital Kompetitif,Pendidikan Teknologi Informasi,F3.4,4,Friday,7,9,2,Theory
149,6,CIE62401,Inovasi Digital Kompetitif,Pendidikan Teknologi Informasi,F3.5b,1,Tuesday,10,12,2,Theory
150,45,CIE62401,Inovasi Digital Kompetitif,Pendidikan Teknologi Informasi,F4.3,2,Wednesday,8,10,2,Theory
151,47,CIE62401,Inovasi Digital Kompetitif,Pendidikan Teknologi Informasi,F3.2,3,Thursday,1,3,2,Theory
152,1,CSD60714,Jaminan Kualitas Perangkat Lunak,Pendidikan Teknologi Informasi,G1.2,1,Tuesday,9,11,2,Theory
153,4,CSD60714,Jaminan Kualitas Perangkat Lunak,Pendidikan Teknologi Informasi,F3.14,1,Tuesday,9,11,2,Theory
154,6,CSD60714,Jaminan Kualitas Perangkat Lunak,Pendidikan Teknologi Informasi,F3.7a,0,Monday,10,12,2,Theory
155,40,CSD60714,Jaminan Kualitas Perangkat Lunak,Pendidikan Teknologi Informasi,G1.5,1,Tuesday,7,9,2,Theory
156,67,CSD60714,Jaminan Kualitas Perangkat Lunak,Pendidikan Teknologi Informasi,F3.15,2,Wednesday,5,7,2,Theory
157,1,CSD60714,Jaminan Kualitas Perangkat Lunak,Teknologi Informasi,F4.11,3,Thursday,10,12,2,Theory
158,4,CSD60714,Jaminan Kualitas Perangkat Lunak,Teknologi Informasi,F4.6,3,Thursday,8,10,2,Theory
159,40,CSD60714,Jaminan Kualitas Perangkat Lunak,Teknologi Informasi,F2.5,4,Friday,10,12,2,Theory
160,60,CSD60714,Jaminan Kualitas Perangkat Lunak,Teknologi Informasi,F2.4,3,Thursday,3,5,2,Theory
161,67,CSD60714,Jaminan Kualitas Perangkat Lunak,Teknologi Informasi,F3.6,4,Friday,0,2,2,Theory
162,16,CIS62103,Jaringan dan Komputasi Awan,Sistem Informasi,G1.2,0,Monday,7,9,2,Theory
163,17,CIS62103,Jaringan dan Komputasi Awan,Sistem Informasi,F3.12,3,Thursday,4,6,2,Theory
164,20,CIS62103,Jaringan dan Komputasi Awan,Sistem Informasi,F2.4,1,Tuesday,0,2,2,Theory
165,21,CIS62103,Jaringan dan Komputasi Awan,Sistem Informasi,F2.4,2,Wednesday,11,13,2,Theory
166,41,CIS62103,Jaringan dan Komputasi Awan,Sistem Informasi,F3.13,2,Wednesday,10,12,2,Theory
167,65,CIS62103,Jaringan dan Komputasi Awan,Sistem Informasi,F3.16,4,Friday,8,10,2,Theory
168,75,CIS62103,Jaringan dan Komputasi Awan,Sistem Informasi,F4.11,2,Wednesday,11,13,2,Theory
169,79,CIS62103,Jaringan dan Komputasi Awan,Sistem Informasi,F3.14,0,Monday,0,2,2,Theory
170,79,CSD60713,Jaringan Terapan,Teknologi Informasi,F4.9,2,Wednesday,1,3,2,Theory
171,90,CSD60713,Jaringan Terapan,Teknologi Informasi,F4.9,0,Monday,11,13,2,Theory
172,79,CSD60713,Jaringan Terapan - Praktikum,Teknologi Informasi,G1.4,2,Wednesday,9,11,2,Practicum
173,90,CSD60713,Jaringan Terapan - Praktikum,Teknologi Informasi,F2.8,2,Wednesday,2,4,2,Practicum
174,17,CIT60044,Keamanan Data dan Privasi,Teknologi Informasi,F4.14,3,Thursday,11,13,2,Theory
175,35,CIT60044,Keamanan Data dan Privasi,Teknologi Informasi,F3.16,1,Tuesday,6,8,2,Theory
176,41,CIT60044,Keamanan Data dan Privasi,Teknologi Informasi,F3.9,0,Monday,0,2,2,Theory
177,46,CIT60044,Keamanan Data dan Privasi,Teknologi Informasi,F2.6,2,Wednesday,11,13,2,Theory
178,63,CIT60044,Keamanan Data dan Privasi,Teknologi Informasi,F4.5,4,Friday,1,3,2,Theory
179,65,CIT60044,Keamanan Data dan Privasi,Teknologi Informasi,F3.1,1,Tuesday,10,12,2,Theory
180,75,CIT60044,Keamanan Data dan Privasi,Teknologi Informasi,F4.7,0,Monday,5,7,2,Theory
181,17,CIS61128,Keamanan Jaringan dan Siber,Sistem Informasi,F4.6,2,Wednesday,10,12,2,Theory
182,14,CSD60709,Keamanan Siber,Pendidikan Teknologi Informasi,F4.9,2,Wednesday,3,5,2,Theory
183,17,CSD60709,Keamanan Siber,Pendidikan Teknologi Informasi,F4.13,3,Thursday,4,6,2,Theory
184,41,CSD60709,Keamanan Siber,Pendidikan Teknologi Informasi,F2.8,0,Monday,9,11,2,Theory
185,63,CSD60709,Keamanan Siber,Pendidikan Teknologi Informasi,G1.6,2,Wednesday,4,6,2,Theory
186,65,CSD60709,Keamanan Siber,Pendidikan Teknologi Informasi,F3.3,3,Thursday,9,11,2,Theory
187,75,CSD60709,Keamanan Siber,Pendidikan Teknologi Informasi,F3.15,0,Monday,7,9,2,Theory
188,94,CSD60709,Keamanan Siber,Pendidikan Teknologi Informasi,F3.16,2,Wednesday,5,7,2,Theory
189,17,CSD60709,Keamanan Siber,Teknologi Informasi,F4.2,2,Wednesday,0,2,2,Theory
190,41,CSD60709,Keamanan Siber,Teknologi Informasi,F3.3,1,Tuesday,7,9,2,Theory
191,46,CSD60709,Keamanan Siber,Teknologi Informasi,F3.18,0,Monday,10,12,2,Theory
192,63,CSD60709,Keamanan Siber,Teknologi Informasi,F3.14,4,Friday,6,8,2,Theory
193,65,CSD60709,Keamanan Siber,Teknologi Informasi,F3.13,0,Monday,0,2,2,Theory
194,75,CSD60709,Keamanan Siber,Teknologi Informasi,F3.2,3,Thursday,4,6,2,Theory
195,94,CSD60709,Keamanan Siber,Teknologi Informasi,F3.7a,2,Wednesday,7,9,2,Theory
196,16,CIE62303,Kecerdasan Artifisial,Pendidikan Teknologi Informasi,F3.5b,1,Tuesday,2,4,2,Theory
197,20,CIE62303,Kecerdasan Artifisial,Pendidikan Teknologi Informasi,F3.5a,3,Thursday,0,2,2,Theory
198,29,CIE62303,Kecerdasan Artifisial,Pendidikan Teknologi Informasi,F3.8,2,Wednesday,5,7,2,Theory
199,30,CIE62303,Kecerdasan Artifisial,Pendidikan Teknologi Informasi,F2.9,0,Monday,7,9,2,Theory
200,52,CIE62303,Kecerdasan Artifisial,Pendidikan Teknologi Informasi,F4.12,3,Thursday,10,12,2,Theory
201,92,CIE62303,Kecerdasan Artifisial,Pendidikan Teknologi Informasi,F4.9,3,Thursday,3,5,2,Theory
202,94,CIE62303,Kecerdasan Artifisial,Pendidikan Teknologi Informasi,F3.1,2,Wednesday,4,6,2,Theory
203,97,CIE62303,Kecerdasan Artifisial,Pendidikan Teknologi Informasi,F3.17,0,Monday,10,12,2,Theory
204,107,CIE62303,Kecerdasan Artifisial,Pendidikan Teknologi Informasi,F3.7a,1,Tuesday,11,13,2,Theory
205,72,CIS62112,Kecerdasan Bisnis dan Analitik,Sistem Informasi,G1.4,3,Thursday,2,4,2,Theory
206,87,CIS62112,Kecerdasan Bisnis dan Analitik,Sistem Informasi,G1.4,1,Tuesday,0,2,2,Theory
207,94,CIS62112,Kecerdasan Bisnis dan Analitik,Sistem Informasi,F2.1,0,Monday,7,9,2,Theory
208,102,CIS62112,Kecerdasan Bisnis dan Analitik,Sistem Informasi,F4.14,0,Monday,7,9,2,Theory
209,3,CIT62023,Kecerdasan Buatan dan Pembelajaran Mesin,Teknologi Informasi,G1.2,0,Monday,2,4,2,Theory
210,3,COM60004,Kecerdasan Buatan dan Pembelajaran Mesin,Teknologi Informasi,G1.3,0,Monday,1,3,2,Theory
211,16,CIT62023,Kecerdasan Buatan dan Pembelajaran Mesin,Teknologi Informasi,F2.2,1,Tuesday,11,13,2,Theory
212,20,CIT62023,Kecerdasan Buatan dan Pembelajaran Mesin,Teknologi Informasi,F3.11,3,Thursday,8,10,2,Theory
213,29,CIT62023,Kecerdasan Buatan dan Pembelajaran Mesin,Teknologi Informasi,F4.3,3,Thursday,2,4,2,Theory
214,30,CIT62023,Kecerdasan Buatan dan Pembelajaran Mesin,Teknologi Informasi,F3.4,2,Wednesday,11,13,2,Theory
215,31,COM60004,Kecerdasan Buatan dan Pembelajaran Mesin,Teknologi Informasi,F3.10,2,Wednesday,10,12,2,Theory
216,37,CIT62023,Kecerdasan Buatan dan Pembelajaran Mesin,Teknologi Informasi,G1.2,2,Wednesday,0,2,2,Theory
217,48,CIT62023,Kecerdasan Buatan dan Pembelajaran Mesin,Teknologi Informasi,G1.2,4,Friday,1,3,2,Theory
218,52,CIT62023,Kecerdasan Buatan dan Pembelajaran Mesin,Teknologi Informasi,G1.3,1,Tuesday,4,6,2,Theory
219,63,CIT62023,Kecerdasan Buatan dan Pembelajaran Mesin,Teknologi Informasi,F2.1,1,Tuesday,5,7,2,Theory
220,75,COM60004,Kecerdasan Buatan dan Pembelajaran Mesin,Teknologi Informasi,F3.12,3,Thursday,7,9,2,Theory
221,89,CIT62023,Kecerdasan Buatan dan Pembelajaran Mesin,Teknologi Informasi,F3.7a,2,Wednesday,3,5,2,Theory
222,92,CIT62023,Kecerdasan Buatan dan Pembelajaran Mesin,Teknologi Informasi,F3.5a,0,Monday,11,13,2,Theory
223,93,CIT62023,Kecerdasan Buatan dan Pembelajaran Mesin,Teknologi Informasi,G1.5,4,Friday,0,2,2,Theory
224,94,CIT62023,Kecerdasan Buatan dan Pembelajaran Mesin,Teknologi Informasi,F3.5a,2,Wednesday,8,10,2,Theory
225,96,CIT62023,Kecerdasan Buatan dan Pembelajaran Mesin,Teknologi Informasi,F3.11,0,Monday,7,9,2,Theory
226,97,CIT62023,Kecerdasan Buatan dan Pembelajaran Mesin,Teknologi Informasi,F3.7a,3,Thursday,9,11,2,Theory
227,107,CIT62023,Kecerdasan Buatan dan Pembelajaran Mesin,Teknologi Informasi,G1.2,1,Tuesday,10,12,2,Theory
228,47,UBU60003,Kewirausahaan,Sistem Informasi,F4.6,4,Friday,5,7,2,Theory
229,62,UBU60003,Kewirausahaan,Sistem Informasi,F4.6,3,Thursday,9,11,2,Theory
230,87,UBU60003,Kewirausahaan,Sistem Informasi,G1.6,2,Wednesday,5,7,2,Theory
231,14,CIT60045,Kriptografi,Teknologi Informasi,F4.10,4,Friday,4,6,2,Theory
232,75,CIT60045,Kriptografi,Teknologi Informasi,F2.5,0,Monday,7,9,2,Theory
233,40,CIE62107,Lingkungan Pembelajaran Digital,Pendidikan Teknologi Informasi,F3.18,1,Tuesday,10,12,2,Theory
234,47,CIE62107,Lingkungan Pembelajaran Digital,Pendidikan Teknologi Informasi,F3.6,1,Tuesday,11,13,2,Theory
235,103,CIE62107,Lingkungan Pembelajaran Digital,Pendidikan Teknologi Informasi,F3.7b,2,Wednesday,10,12,2,Theory
236,TBA_8,CIE62107,Lingkungan Pembelajaran Digital,Pendidikan Teknologi Informasi,F2.4,0,Monday,6,8,2,Theory
237,40,CIE62107,Lingkungan Pembelajaran Digital - Praktikum,Pendidikan Teknologi Informasi,F2.1,3,Thursday,7,9,2,Practicum
238,47,CIE62107,Lingkungan Pembelajaran Digital - Praktikum,Pendidikan Teknologi Informasi,G1.3,3,Thursday,0,2,2,Practicum
239,103,CIE62107,Lingkungan Pembelajaran Digital - Praktikum,Pendidikan Teknologi Informasi,G1.2,0,Monday,3,5,2,Practicum
240,TBA_8,CIE62107,Lingkungan Pembelajaran Digital - Praktikum,Pendidikan Teknologi Informasi,G1.5,1,Tuesday,11,13,2,Practicum
241,11,CIE61120,Literasi Digital,Pendidikan Teknologi Informasi,F4.10,1,Tuesday,8,10,2,Theory
242,12,CIE61120,Literasi Digital,Pendidikan Teknologi Informasi,F4.7,3,Thursday,0,2,2,Theory
243,103,CIE61120,Literasi Digital,Pendidikan Teknologi Informasi,F3.14,4,Friday,0,2,2,Theory
244,TBA_9,CIE61120,Literasi Digital,Pendidikan Teknologi Informasi,G1.2,3,Thursday,11,13,2,Theory
245,TBA_10,CIE61120,Literasi Digital,Pendidikan Teknologi Informasi,F4.4,1,Tuesday,8,10,2,Theory
246,6,CIS62115,Manajemen Investasi Teknologi Informasi,Sistem Informasi,F2.4,4,Friday,5,7,2,Theory
247,13,CIS62115,Manajemen Investasi Teknologi Informasi,Sistem Informasi,F3.7b,1,Tuesday,10,12,2,Theory
248,22,CIS62115,Manajemen Investasi Teknologi Informasi,Sistem Informasi,F4.11,2,Wednesday,5,7,2,Theory
249,49,CIS62115,Manajemen Investasi Teknologi Informasi,Sistem Informasi,F3.3,3,Thursday,4,6,2,Theory
250,53,CIS62115,Manajemen Investasi Teknologi Informasi,Sistem Informasi,F3.18,0,Monday,3,5,2,Theory
251,60,CIS62115,Manajemen Investasi Teknologi Informasi,Sistem Informasi,F4.12,4,Friday,10,12,2,Theory
252,62,CIS62115,Manajemen Investasi Teknologi Informasi,Sistem Informasi,F2.6,1,Tuesday,10,12,2,Theory
253,87,CIS62115,Manajemen Investasi Teknologi Informasi,Sistem Informasi,F4.9,2,Wednesday,2,4,2,Theory
254,94,CIS62115,Manajemen Investasi Teknologi Informasi,Sistem Informasi,F3.16,4,Friday,4,6,2,Theory
255,6,CSD60701,Manajemen Layanan Teknologi Informasi,Sistem Informasi,F3.5b,1,Tuesday,1,3,2,Theory
256,15,CSD60701,Manajemen Layanan Teknologi Informasi,Sistem Informasi,F3.1,1,Tuesday,9,11,2,Theory
257,21,CSD60701,Manajemen Layanan Teknologi Informasi,Sistem Informasi,G1.2,3,Thursday,5,7,2,Theory
258,22,CSD60701,Manajemen Layanan Teknologi Informasi,Sistem Informasi,F2.8,2,Wednesday,7,9,2,Theory
259,47,CSD60701,Manajemen Layanan Teknologi Informasi,Sistem Informasi,F3.6,0,Monday,5,7,2,Theory
260,87,CSD60701,Manajemen Layanan Teknologi Informasi,Sistem Informasi,G1.2,4,Friday,7,9,2,Theory
261,94,CSD60701,Manajemen Layanan Teknologi Informasi,Sistem Informasi,F4.6,0,Monday,0,2,2,Theory
262,108,CSD60701,Manajemen Layanan Teknologi Informasi,Sistem Informasi,F2.4,4,Friday,1,3,2,Theory
263,6,CIT60031,Manajemen Proyek Teknologi Informasi,Teknologi Informasi,F3.2,2,Wednesday,10,12,2,Theory
264,13,CIT60031,Manajemen Proyek Teknologi Informasi,Teknologi Informasi,F4.7,1,Tuesday,0,2,2,Theory
265,22,CIT60031,Manajemen Proyek Teknologi Informasi,Teknologi Informasi,F3.15,3,Thursday,0,2,2,Theory
266,40,CIT60031,Manajemen Proyek Teknologi Informasi,Teknologi Informasi,F2.4,3,Thursday,7,9,2,Theory
267,48,CIT60031,Manajemen Proyek Teknologi Informasi,Teknologi Informasi,F3.10,2,Wednesday,10,12,2,Theory
268,94,CIT60031,Manajemen Proyek Teknologi Informasi,Teknologi Informasi,F3.9,3,Thursday,1,3,2,Theory
269,22,CIS62117,Manajemen Rantai Suplai,Sistem Informasi,F4.12,2,Wednesday,10,12,2,Theory
270,53,CIS62117,Manajemen Rantai Suplai,Sistem Informasi,F2.1,0,Monday,5,7,2,Theory
271,94,CIS62117,Manajemen Rantai Suplai,Sistem Informasi,F3.8,0,Monday,9,11,2,Theory
272,108,CIS62117,Manajemen Rantai Suplai,Sistem Informasi,F3.2,2,Wednesday,6,8,2,Theory
273,TBA_39,CIS62117,Manajemen Rantai Suplai,Sistem Informasi,F4.3,3,Thursday,0,2,2,Theory
274,47,CIE61119,Multimodal Storytelling,Pendidikan Teknologi Informasi,F3.5b,0,Monday,0,2,2,Theory
275,TBA_12,CIE61119,Multimodal Storytelling,Pendidikan Teknologi Informasi,G1.2,2,Wednesday,4,6,2,Theory
276,103,CIE62105,Pembelajaran Berdiferensiasi,Pendidikan Teknologi Informasi,F3.14,0,Monday,4,6,2,Theory
277,TBA_13,CIE62105,Pembelajaran Berdiferensiasi,Pendidikan Teknologi Informasi,F4.11,2,Wednesday,3,5,2,Theory
278,TBA_14,CIE62105,Pembelajaran Berdiferensiasi,Pendidikan Teknologi Informasi,F4.9,0,Monday,10,12,2,Theory
279,TBA_15,CIE62305,Pembelajaran Emosional Sosial,Pendidikan Teknologi Informasi,F3.1,2,Wednesday,2,4,2,Theory
280,TBA_16,CIE62305,Pembelajaran Emosional Sosial,Pendidikan Teknologi Informasi,F3.1,3,Thursday,0,2,2,Theory
281,47,CIE62306,Pembelajaran Inklusif,Pendidikan Teknologi Informasi,F3.9,1,Tuesday,11,13,2,Theory
282,59,CIE62306,Pembelajaran Inklusif,Pendidikan Teknologi Informasi,F4.7,1,Tuesday,11,13,2,Theory
283,103,CIE62306,Pembelajaran Inklusif,Pendidikan Teknologi Informasi,F4.14,0,Monday,11,13,2,Theory
284,TBA_17,CIE62306,Pembelajaran Inklusif,Pendidikan Teknologi Informasi,F3.16,2,Wednesday,2,4,2,Theory
285,TBA_18,CIE62306,Pembelajaran Inklusif,Pendidikan Teknologi Informasi,G1.4,4,Friday,11,13,2,Theory
286,6,CIS62104,Pemodelan Proses Bisnis,Sistem Informasi,F2.6,4,Friday,10,12,2,Theory
287,13,CIS62104,Pemodelan Proses Bisnis,Sistem Informasi,F4.9,0,Monday,0,2,2,Theory
288,16,CIS62104,Pemodelan Proses Bisnis,Sistem Informasi,F4.2,4,Friday,6,8,2,Theory
289,49,CIS62104,Pemodelan Proses Bisnis,Sistem Informasi,F4.3,0,Monday,11,13,2,Theory
290,53,CIS62104,Pemodelan Proses Bisnis,Sistem Informasi,F4.12,2,Wednesday,7,9,2,Theory
291,55,CIS62104,Pemodelan Proses Bisnis,Sistem Informasi,F3.7a,3,Thursday,0,2,2,Theory
292,108,CIS62104,Pemodelan Proses Bisnis,Sistem Informasi,F3.5b,0,Monday,7,9,2,Theory
293,6,CIS62104,Pemodelan Proses Bisnis - Praktikum,Sistem Informasi,G1.6,3,Thursday,6,8,2,Practicum
294,13,CIS62104,Pemodelan Proses Bisnis - Praktikum,Sistem Informasi,F2.9,1,Tuesday,6,8,2,Practicum
295,16,CIS62104,Pemodelan Proses Bisnis - Praktikum,Sistem Informasi,F2.4,2,Wednesday,0,2,2,Practicum
296,49,CIS62104,Pemodelan Proses Bisnis - Praktikum,Sistem Informasi,G1.4,2,Wednesday,8,10,2,Practicum
297,53,CIS62104,Pemodelan Proses Bisnis - Praktikum,Sistem Informasi,F2.4,0,Monday,2,4,2,Practicum
298,55,CIS62104,Pemodelan Proses Bisnis - Praktikum,Sistem Informasi,G1.3,1,Tuesday,10,12,2,Practicum
299,108,CIS62104,Pemodelan Proses Bisnis - Praktikum,Sistem Informasi,G1.6,3,Thursday,0,2,2,Practicum
300,4,CIE62203,Pemrograman Berbasis Objek,Pendidikan Teknologi Informasi,F3.12,4,Friday,1,3,2,Theory
301,16,CIE62203,Pemrograman Berbasis Objek,Pendidikan Teknologi Informasi,F2.9,1,Tuesday,1,3,2,Theory
302,20,CIE62203,Pemrograman Berbasis Objek,Pendidikan Teknologi Informasi,F4.11,2,Wednesday,3,5,2,Theory
303,52,CIE62203,Pemrograman Berbasis Objek,Pendidikan Teknologi Informasi,F3.4,0,Monday,2,4,2,Theory
304,67,CIE62203,Pemrograman Berbasis Objek,Pendidikan Teknologi Informasi,F4.3,1,Tuesday,1,3,2,Theory
305,70,CIE62203,Pemrograman Berbasis Objek,Pendidikan Teknologi Informasi,F3.17,0,Monday,3,5,2,Theory
306,75,CIE62203,Pemrograman Berbasis Objek,Pendidikan Teknologi Informasi,G1.3,1,Tuesday,3,5,2,Theory
307,76,CIE62203,Pemrograman Berbasis Objek,Pendidikan Teknologi Informasi,F4.6,2,Wednesday,10,12,2,Theory
308,91,CIE62203,Pemrograman Berbasis Objek,Pendidikan Teknologi Informasi,F3.11,2,Wednesday,6,8,2,Theory
309,98,CIE62203,Pemrograman Berbasis Objek,Pendidikan Teknologi Informasi,G1.2,3,Thursday,8,10,2,Theory
310,4,CIE62203,Pemrograman Berbasis Objek - Praktikum,Pendidikan Teknologi Informasi,F2.6,3,Thursday,1,3,2,Practicum
311,16,CIE62203,Pemrograman Berbasis Objek - Praktikum,Pendidikan Teknologi Informasi,G1.2,2,Wednesday,8,10,2,Practicum
312,20,CIE62203,Pemrograman Berbasis Objek - Praktikum,Pendidikan Teknologi Informasi,F2.6,2,Wednesday,8,10,2,Practicum
313,52,CIE62203,Pemrograman Berbasis Objek - Praktikum,Pendidikan Teknologi Informasi,F2.8,0,Monday,7,9,2,Practicum
314,67,CIE62203,Pemrograman Berbasis Objek - Praktikum,Pendidikan Teknologi Informasi,G1.6,1,Tuesday,7,9,2,Practicum
315,70,CIE62203,Pemrograman Berbasis Objek - Praktikum,Pendidikan Teknologi Informasi,G1.6,4,Friday,11,13,2,Practicum
316,75,CIE62203,Pemrograman Berbasis Objek - Praktikum,Pendidikan Teknologi Informasi,F2.4,1,Tuesday,11,13,2,Practicum
317,76,CIE62203,Pemrograman Berbasis Objek - Praktikum,Pendidikan Teknologi Informasi,F2.6,2,Wednesday,8,10,2,Practicum
318,91,CIE62203,Pemrograman Berbasis Objek - Praktikum,Pendidikan Teknologi Informasi,G1.6,2,Wednesday,9,11,2,Practicum
319,98,CIE62203,Pemrograman Berbasis Objek - Praktikum,Pendidikan Teknologi Informasi,G1.2,1,Tuesday,10,12,2,Practicum
320,1,COM60024,Pemrograman Lanjut,Sistem Informasi,F3.12,0,Monday,4,7,3,Theory
321,4,COM60024,Pemrograman Lanjut,Sistem Informasi,F3.6,2,Wednesday,9,12,3,Theory
322,16,COM60024,Pemrograman Lanjut,Sistem Informasi,F3.13,0,Monday,6,9,3,Theory
323,20,COM60024,Pemrograman Lanjut,Sistem Informasi,F4.9,0,Monday,1,4,3,Theory
324,22,COM60024,Pemrograman Lanjut,Sistem Informasi,F3.16,3,Thursday,10,13,3,Theory
325,23,COM60024,Pemrograman Lanjut,Sistem Informasi,F2.5,1,Tuesday,10,13,3,Theory
326,31,COM60024,Pemrograman Lanjut,Sistem Informasi,F4.13,2,Wednesday,7,10,3,Theory
327,37,COM60024,Pemrograman Lanjut,Sistem Informasi,F4.10,1,Tuesday,3,6,3,Theory
328,47,COM60024,Pemrograman Lanjut,Sistem Informasi,F3.13,0,Monday,8,11,3,Theory
329,52,COM60024,Pemrograman Lanjut,Sistem Informasi,F4.12,3,Thursday,6,9,3,Theory
330,55,COM60024,Pemrograman Lanjut,Sistem Informasi,F3.5b,3,Thursday,5,8,3,Theory
331,65,COM60024,Pemrograman Lanjut,Sistem Informasi,F3.7a,3,Thursday,2,5,3,Theory
332,70,COM60024,Pemrograman Lanjut,Sistem Informasi,F3.1,2,Wednesday,7,10,3,Theory
333,75,COM60024,Pemrograman Lanjut,Sistem Informasi,F4.2,2,Wednesday,8,11,3,Theory
334,76,COM60024,Pemrograman Lanjut,Sistem Informasi,F4.3,1,Tuesday,8,11,3,Theory
335,80,COM60024,Pemrograman Lanjut,Sistem Informasi,G1.3,3,Thursday,9,12,3,Theory
336,82,COM60024,Pemrograman Lanjut,Sistem Informasi,F4.5,3,Thursday,2,5,3,Theory
337,87,COM60024,Pemrograman Lanjut,Sistem Informasi,F3.11,3,Thursday,1,4,3,Theory
338,91,COM60024,Pemrograman Lanjut,Sistem Informasi,F3.13,1,Tuesday,1,4,3,Theory
339,98,COM60024,Pemrograman Lanjut,Sistem Informasi,F3.4,3,Thursday,2,5,3,Theory
340,1,COM60024,Pemrograman Lanjut,Teknologi Informasi,F4.11,4,Friday,5,8,3,Theory
341,4,COM60024,Pemrograman Lanjut,Teknologi Informasi,F3.11,4,Friday,6,9,3,Theory
342,16,COM60024,Pemrograman Lanjut,Teknologi Informasi,F3.8,0,Monday,10,13,3,Theory
343,20,COM60024,Pemrograman Lanjut,Teknologi Informasi,F4.13,0,Monday,8,11,3,Theory
344,22,COM60024,Pemrograman Lanjut,Teknologi Informasi,F2.4,0,Monday,6,9,3,Theory
345,31,COM60024,Pemrograman Lanjut,Teknologi Informasi,F3.7b,3,Thursday,7,10,3,Theory
346,47,COM60024,Pemrograman Lanjut,Teknologi Informasi,G1.6,2,Wednesday,3,6,3,Theory
347,52,COM60024,Pemrograman Lanjut,Teknologi Informasi,F3.6,0,Monday,0,3,3,Theory
348,55,COM60024,Pemrograman Lanjut,Teknologi Informasi,F3.11,3,Thursday,1,4,3,Theory
349,67,COM60024,Pemrograman Lanjut,Teknologi Informasi,F3.8,0,Monday,7,10,3,Theory
350,70,COM60024,Pemrograman Lanjut,Teknologi Informasi,F2.4,1,Tuesday,10,13,3,Theory
351,75,COM60024,Pemrograman Lanjut,Teknologi Informasi,F3.4,1,Tuesday,5,8,3,Theory
352,76,COM60024,Pemrograman Lanjut,Teknologi Informasi,F3.18,3,Thursday,10,13,3,Theory
353,80,COM60024,Pemrograman Lanjut,Teknologi Informasi,F4.14,3,Thursday,2,5,3,Theory
354,82,COM60024,Pemrograman Lanjut,Teknologi Informasi,F4.2,4,Friday,9,12,3,Theory
355,91,COM60024,Pemrograman Lanjut,Teknologi Informasi,F4.2,0,Monday,3,6,3,Theory
356,98,COM60024,Pemrograman Lanjut,Teknologi Informasi,G1.2,0,Monday,7,10,3,Theory
357,1,COM60024,Pemrograman Lanjut - Praktikum,Sistem Informasi,F2.8,2,Wednesday,7,10,3,Practicum
358,4,COM60024,Pemrograman Lanjut - Praktikum,Sistem Informasi,F2.1,1,Tuesday,0,3,3,Practicum
359,16,COM60024,Pemrograman Lanjut - Praktikum,Sistem Informasi,F2.6,0,Monday,9,12,3,Practicum
360,20,COM60024,Pemrograman Lanjut - Praktikum,Sistem Informasi,G1.6,3,Thursday,7,10,3,Practicum
361,22,COM60024,Pemrograman Lanjut - Praktikum,Sistem Informasi,F2.6,1,Tuesday,5,8,3,Practicum
362,23,COM60024,Pemrograman Lanjut - Praktikum,Sistem Informasi,F2.1,1,Tuesday,7,10,3,Practicum
363,31,COM60024,Pemrograman Lanjut - Praktikum,Sistem Informasi,F2.2,1,Tuesday,2,5,3,Practicum
364,37,COM60024,Pemrograman Lanjut - Praktikum,Sistem Informasi,F2.8,2,Wednesday,10,13,3,Practicum
365,47,COM60024,Pemrograman Lanjut - Praktikum,Sistem Informasi,G1.2,1,Tuesday,4,7,3,Practicum
366,52,COM60024,Pemrograman Lanjut - Praktikum,Sistem Informasi,F2.1,0,Monday,4,7,3,Practicum
367,55,COM60024,Pemrograman Lanjut - Praktikum,Sistem Informasi,F2.1,2,Wednesday,5,8,3,Practicum
368,65,COM60024,Pemrograman Lanjut - Praktikum,Sistem Informasi,F2.6,0,Monday,4,7,3,Practicum
369,70,COM60024,Pemrograman Lanjut - Praktikum,Sistem Informasi,F2.2,3,Thursday,9,12,3,Practicum
370,75,COM60024,Pemrograman Lanjut - Praktikum,Sistem Informasi,F2.2,2,Wednesday,4,7,3,Practicum
371,76,COM60024,Pemrograman Lanjut - Praktikum,Sistem Informasi,F2.9,3,Thursday,5,8,3,Practicum
372,80,COM60024,Pemrograman Lanjut - Praktikum,Sistem Informasi,F2.1,3,Thursday,8,11,3,Practicum
373,82,COM60024,Pemrograman Lanjut - Praktikum,Sistem Informasi,G1.4,4,Friday,6,9,3,Practicum
374,87,COM60024,Pemrograman Lanjut - Praktikum,Sistem Informasi,F2.9,3,Thursday,3,6,3,Practicum
375,91,COM60024,Pemrograman Lanjut - Praktikum,Sistem Informasi,F2.5,3,Thursday,1,4,3,Practicum
376,98,COM60024,Pemrograman Lanjut - Praktikum,Sistem Informasi,G1.6,2,Wednesday,0,3,3,Practicum
377,1,COM60024,Pemrograman Lanjut - Praktikum,Teknologi Informasi,F2.5,3,Thursday,6,9,3,Practicum
378,4,COM60024,Pemrograman Lanjut - Praktikum,Teknologi Informasi,F2.9,0,Monday,0,3,3,Practicum
379,16,COM60024,Pemrograman Lanjut - Praktikum,Teknologi Informasi,F2.8,1,Tuesday,1,4,3,Practicum
380,20,COM60024,Pemrograman Lanjut - Praktikum,Teknologi Informasi,G1.3,0,Monday,0,3,3,Practicum
381,22,COM60024,Pemrograman Lanjut - Praktikum,Teknologi Informasi,F2.5,3,Thursday,10,13,3,Practicum
382,31,COM60024,Pemrograman Lanjut - Praktikum,Teknologi Informasi,F2.9,2,Wednesday,1,4,3,Practicum
383,47,COM60024,Pemrograman Lanjut - Praktikum,Teknologi Informasi,F2.9,4,Friday,7,10,3,Practicum
384,52,COM60024,Pemrograman Lanjut - Praktikum,Teknologi Informasi,F2.4,2,Wednesday,7,10,3,Practicum
385,55,COM60024,Pemrograman Lanjut - Praktikum,Teknologi Informasi,F2.9,2,Wednesday,10,13,3,Practicum
386,67,COM60024,Pemrograman Lanjut - Praktikum,Teknologi Informasi,F2.1,0,Monday,1,4,3,Practicum
387,70,COM60024,Pemrograman Lanjut - Praktikum,Teknologi Informasi,G1.6,3,Thursday,8,11,3,Practicum
388,75,COM60024,Pemrograman Lanjut - Praktikum,Teknologi Informasi,G1.2,0,Monday,10,13,3,Practicum
389,76,COM60024,Pemrograman Lanjut - Praktikum,Teknologi Informasi,F2.5,2,Wednesday,2,5,3,Practicum
390,80,COM60024,Pemrograman Lanjut - Praktikum,Teknologi Informasi,F2.9,3,Thursday,2,5,3,Practicum
391,82,COM60024,Pemrograman Lanjut - Praktikum,Teknologi Informasi,F2.5,3,Thursday,0,3,3,Practicum
392,91,COM60024,Pemrograman Lanjut - Praktikum,Teknologi Informasi,G1.4,4,Friday,0,3,3,Practicum
393,98,COM60024,Pemrograman Lanjut - Praktikum,Teknologi Informasi,G1.4,4,Friday,1,4,3,Practicum
394,1,CSD60705,Pemrograman SQL,Sistem Informasi,F3.7a,3,Thursday,8,10,2,Theory
395,16,CSD60705,Pemrograman SQL,Sistem Informasi,F4.5,3,Thursday,8,10,2,Theory
396,20,CSD60705,Pemrograman SQL,Sistem Informasi,F3.18,1,Tuesday,6,8,2,Theory
397,22,CSD60705,Pemrograman SQL,Sistem Informasi,F4.12,3,Thursday,7,9,2,Theory
398,60,CSD60705,Pemrograman SQL,Sistem Informasi,F3.17,4,Friday,0,2,2,Theory
399,70,CSD60705,Pemrograman SQL,Sistem Informasi,F2.6,1,Tuesday,2,4,2,Theory
400,72,CSD60705,Pemrograman SQL,Sistem Informasi,G1.3,2,Wednesday,8,10,2,Theory
401,73,CSD60705,Pemrograman SQL,Sistem Informasi,F3.11,0,Monday,2,4,2,Theory
402,91,CSD60705,Pemrograman SQL,Sistem Informasi,F3.18,1,Tuesday,11,13,2,Theory
403,98,CSD60705,Pemrograman SQL,Sistem Informasi,F4.2,3,Thursday,2,4,2,Theory
404,102,CSD60705,Pemrograman SQL,Sistem Informasi,F3.10,2,Wednesday,6,8,2,Theory
405,TBA_40,CSD60705,Pemrograman SQL,Sistem Informasi,G1.2,3,Thursday,11,13,2,Theory
406,1,CSD60705,Pemrograman SQL - Praktikum,Sistem Informasi,G1.5,0,Monday,0,2,2,Practicum
407,16,CSD60705,Pemrograman SQL - Praktikum,Sistem Informasi,G1.2,3,Thursday,8,10,2,Practicum
408,20,CSD60705,Pemrograman SQL - Praktikum,Sistem Informasi,G1.6,2,Wednesday,9,11,2,Practicum
409,22,CSD60705,Pemrograman SQL - Praktikum,Sistem Informasi,F2.4,4,Friday,2,4,2,Practicum
410,60,CSD60705,Pemrograman SQL - Praktikum,Sistem Informasi,G1.6,0,Monday,11,13,2,Practicum
411,70,CSD60705,Pemrograman SQL - Praktikum,Sistem Informasi,G1.2,4,Friday,5,7,2,Practicum
412,72,CSD60705,Pemrograman SQL - Praktikum,Sistem Informasi,F2.8,3,Thursday,10,12,2,Practicum
413,73,CSD60705,Pemrograman SQL - Praktikum,Sistem Informasi,F2.2,0,Monday,8,10,2,Practicum
414,91,CSD60705,Pemrograman SQL - Praktikum,Sistem Informasi,F2.8,0,Monday,1,3,2,Practicum
415,98,CSD60705,Pemrograman SQL - Praktikum,Sistem Informasi,G1.3,0,Monday,11,13,2,Practicum
416,102,CSD60705,Pemrograman SQL - Praktikum,Sistem Informasi,G1.6,4,Friday,1,3,2,Practicum
417,TBA_40,CSD60705,Pemrograman SQL - Praktikum,Sistem Informasi,G1.4,0,Monday,1,3,2,Practicum
418,1,CIS62106,Pemrograman Web,Sistem Informasi,F4.6,2,Wednesday,1,4,3,Theory
419,4,CIS62106,Pemrograman Web,Sistem Informasi,F3.10,0,Monday,1,4,3,Theory
420,16,CIS62106,Pemrograman Web,Sistem Informasi,F4.14,1,Tuesday,0,3,3,Theory
421,22,CIS62106,Pemrograman Web,Sistem Informasi,G1.5,4,Friday,5,8,3,Theory
422,31,CIS62106,Pemrograman Web,Sistem Informasi,F4.10,0,Monday,6,9,3,Theory
423,37,CIS62106,Pemrograman Web,Sistem Informasi,F4.12,0,Monday,5,8,3,Theory
424,47,CIS62106,Pemrograman Web,Sistem Informasi,F3.2,4,Friday,0,3,3,Theory
425,70,CIS62106,Pemrograman Web,Sistem Informasi,F4.12,3,Thursday,6,9,3,Theory
426,75,CIS62106,Pemrograman Web,Sistem Informasi,G1.5,0,Monday,2,5,3,Theory
427,82,CIS62106,Pemrograman Web,Sistem Informasi,F3.16,1,Tuesday,9,12,3,Theory
428,98,CIS62106,Pemrograman Web,Sistem Informasi,F2.8,0,Monday,7,10,3,Theory
429,103,CIS62106,Pemrograman Web,Sistem Informasi,F4.7,3,Thursday,6,9,3,Theory
430,105,CIS62106,Pemrograman Web,Sistem Informasi,F3.15,1,Tuesday,5,8,3,Theory
431,1,CIS60103,Pemrograman Web Lanjut,Sistem Informasi,F4.10,1,Tuesday,8,10,2,Theory
432,16,CIS60103,Pemrograman Web Lanjut,Sistem Informasi,F3.3,3,Thursday,11,13,2,Theory
433,22,CIS60103,Pemrograman Web Lanjut,Sistem Informasi,F4.9,4,Friday,8,10,2,Theory
434,31,CIS60103,Pemrograman Web Lanjut,Sistem Informasi,F3.1,3,Thursday,3,5,2,Theory
435,1,CSD60708,Penambangan Data,Sistem Informasi,F3.18,4,Friday,7,9,2,Theory
436,16,CSD60708,Penambangan Data,Sistem Informasi,F4.9,0,Monday,0,2,2,Theory
437,20,CSD60708,Penambangan Data,Sistem Informasi,F4.6,2,Wednesday,4,6,2,Theory
438,29,CSD60708,Penambangan Data,Sistem Informasi,F3.12,2,Wednesday,0,2,2,Theory
439,30,CSD60708,Penambangan Data,Sistem Informasi,F3.4,3,Thursday,10,12,2,Theory
440,52,CSD60708,Penambangan Data,Sistem Informasi,F3.6,0,Monday,10,12,2,Theory
441,72,CSD60708,Penambangan Data,Sistem Informasi,F2.6,1,Tuesday,10,12,2,Theory
442,80,CSD60708,Penambangan Data,Sistem Informasi,F3.9,1,Tuesday,11,13,2,Theory
443,89,CSD60708,Penambangan Data,Sistem Informasi,G1.2,3,Thursday,2,4,2,Theory
444,92,CSD60708,Penambangan Data,Sistem Informasi,F4.9,2,Wednesday,10,12,2,Theory
445,97,CSD60708,Penambangan Data,Sistem Informasi,F4.6,1,Tuesday,9,11,2,Theory
446,102,CSD60708,Penambangan Data,Sistem Informasi,F4.9,2,Wednesday,5,7,2,Theory
447,107,CSD60708,Penambangan Data,Sistem Informasi,F4.2,4,Friday,5,7,2,Theory
448,1,CSD60708,Penambangan Data,Teknologi Informasi,F2.5,4,Friday,11,13,2,Theory
449,16,CSD60708,Penambangan Data,Teknologi Informasi,F3.7a,2,Wednesday,8,10,2,Theory
450,20,CSD60708,Penambangan Data,Teknologi Informasi,F4.9,0,Monday,7,9,2,Theory
451,29,CSD60708,Penambangan Data,Teknologi Informasi,F2.5,2,Wednesday,2,4,2,Theory
452,30,CSD60708,Penambangan Data,Teknologi Informasi,G1.2,2,Wednesday,7,9,2,Theory
453,52,CSD60708,Penambangan Data,Teknologi Informasi,G1.2,0,Monday,11,13,2,Theory
454,80,CSD60708,Penambangan Data,Teknologi Informasi,F3.18,2,Wednesday,10,12,2,Theory
455,92,CSD60708,Penambangan Data,Teknologi Informasi,F2.6,2,Wednesday,5,7,2,Theory
456,93,CSD60708,Penambangan Data,Teknologi Informasi,F3.16,0,Monday,2,4,2,Theory
457,97,CSD60708,Penambangan Data,Teknologi Informasi,F4.12,3,Thursday,0,2,2,Theory
458,102,CSD60708,Penambangan Data,Teknologi Informasi,F2.8,3,Thursday,8,10,2,Theory
459,107,CSD60708,Penambangan Data,Teknologi Informasi,G1.6,2,Wednesday,7,9,2,Theory
460,11,CIS62105,Pengantar Sains Data,Sistem Informasi,F3.10,0,Monday,5,7,2,Theory
461,16,CIS62105,Pengantar Sains Data,Sistem Informasi,F4.14,0,Monday,5,7,2,Theory
462,20,CIS62105,Pengantar Sains Data,Sistem Informasi,F4.9,1,Tuesday,8,10,2,Theory
463,21,CIS62105,Pengantar Sains Data,Sistem Informasi,F4.13,3,Thursday,10,12,2,Theory
464,37,CIS62105,Pengantar Sains Data,Sistem Informasi,F4.9,1,Tuesday,3,5,2,Theory
465,52,CIS62105,Pengantar Sains Data,Sistem Informasi,F3.5b,2,Wednesday,5,7,2,Theory
466,63,CIS62105,Pengantar Sains Data,Sistem Informasi,F4.4,2,Wednesday,0,2,2,Theory
467,72,CIS62105,Pengantar Sains Data,Sistem Informasi,F3.17,3,Thursday,10,12,2,Theory
468,73,CIS62105,Pengantar Sains Data,Sistem Informasi,F3.8,1,Tuesday,11,13,2,Theory
469,80,CIS62105,Pengantar Sains Data,Sistem Informasi,F3.4,1,Tuesday,4,6,2,Theory
470,87,CIS62105,Pengantar Sains Data,Sistem Informasi,F4.9,2,Wednesday,11,13,2,Theory
471,89,CIS62105,Pengantar Sains Data,Sistem Informasi,F4.14,1,Tuesday,4,6,2,Theory
472,92,CIS62105,Pengantar Sains Data,Sistem Informasi,F3.17,2,Wednesday,11,13,2,Theory
473,94,CIS62105,Pengantar Sains Data,Sistem Informasi,F3.12,4,Friday,9,11,2,Theory
474,97,CIS62105,Pengantar Sains Data,Sistem Informasi,F3.16,1,Tuesday,5,7,2,Theory
475,102,CIS62105,Pengantar Sains Data,Sistem Informasi,F3.18,3,Thursday,2,4,2,Theory
476,TBA_41,CIS62105,Pengantar Sains Data,Sistem Informasi,F3.7b,3,Thursday,4,6,2,Theory
477,16,CIT62012,Pengembangan Aplikasi Mobile,Teknologi Informasi,F3.8,4,Friday,4,7,3,Theory
478,20,CIT62012,Pengembangan Aplikasi Mobile,Teknologi Informasi,G1.6,3,Thursday,1,4,3,Theory
479,22,CIT62012,Pengembangan Aplikasi Mobile,Teknologi Informasi,G1.2,2,Wednesday,7,10,3,Theory
480,31,CIT62012,Pengembangan Aplikasi Mobile,Teknologi Informasi,G1.5,4,Friday,2,5,3,Theory
481,47,CIT62012,Pengembangan Aplikasi Mobile,Teknologi Informasi,F2.9,3,Thursday,4,7,3,Theory
482,60,CIT62012,Pengembangan Aplikasi Mobile,Teknologi Informasi,F4.11,4,Friday,10,13,3,Theory
483,70,CIT62012,Pengembangan Aplikasi Mobile,Teknologi Informasi,G1.4,0,Monday,0,3,3,Theory
484,75,CIT62012,Pengembangan Aplikasi Mobile,Teknologi Informasi,G1.4,0,Monday,9,12,3,Theory
485,96,CIT62012,Pengembangan Aplikasi Mobile,Teknologi Informasi,G1.3,0,Monday,3,6,3,Theory
486,16,CIT62012,Pengembangan Aplikasi Mobile - Praktikum,Teknologi Informasi,F2.1,4,Friday,4,7,3,Practicum
487,20,CIT62012,Pengembangan Aplikasi Mobile - Praktikum,Teknologi Informasi,F2.1,3,Thursday,2,5,3,Practicum
488,22,CIT62012,Pengembangan Aplikasi Mobile - Praktikum,Teknologi Informasi,F2.5,1,Tuesday,5,8,3,Practicum
489,31,CIT62012,Pengembangan Aplikasi Mobile - Praktikum,Teknologi Informasi,G1.6,3,Thursday,9,12,3,Practicum
490,47,CIT62012,Pengembangan Aplikasi Mobile - Praktikum,Teknologi Informasi,F2.8,0,Monday,5,8,3,Practicum
491,60,CIT62012,Pengembangan Aplikasi Mobile - Praktikum,Teknologi Informasi,F2.5,0,Monday,2,5,3,Practicum
492,70,CIT62012,Pengembangan Aplikasi Mobile - Praktikum,Teknologi Informasi,F2.4,3,Thursday,3,6,3,Practicum
493,75,CIT62012,Pengembangan Aplikasi Mobile - Praktikum,Teknologi Informasi,F2.4,4,Friday,6,9,3,Practicum
494,96,CIT62012,Pengembangan Aplikasi Mobile - Praktikum,Teknologi Informasi,G1.6,2,Wednesday,8,11,3,Practicum
495,16,CIS62114,Pengembangan Aplikasi Mobile Lanjut,Sistem Informasi,F3.1,0,Monday,2,4,2,Theory
496,47,CIS62114,Pengembangan Aplikasi Mobile Lanjut,Sistem Informasi,F4.5,0,Monday,11,13,2,Theory
497,60,CIS62114,Pengembangan Aplikasi Mobile Lanjut,Sistem Informasi,F4.6,2,Wednesday,1,3,2,Theory
498,70,CIS62114,Pengembangan Aplikasi Mobile Lanjut,Sistem Informasi,F4.2,3,Thursday,1,3,2,Theory
499,16,CIT60052,Pengembangan Aplikasi Mobile Terapan,Teknologi Informasi,G1.3,3,Thursday,2,4,2,Theory
500,20,CIT60052,Pengembangan Aplikasi Mobile Terapan,Teknologi Informasi,G1.3,4,Friday,3,5,2,Theory
501,47,CIT60052,Pengembangan Aplikasi Mobile Terapan,Teknologi Informasi,F2.1,1,Tuesday,5,7,2,Theory
502,1,CIS60102,Pengembangan Aplikasi Multiplatform,Sistem Informasi,F4.2,3,Thursday,8,10,2,Theory
503,16,CIS60102,Pengembangan Aplikasi Multiplatform,Sistem Informasi,G1.2,0,Monday,3,5,2,Theory
504,47,CIS60102,Pengembangan Aplikasi Multiplatform,Sistem Informasi,F3.9,0,Monday,10,12,2,Theory
505,70,CIS60102,Pengembangan Aplikasi Multiplatform,Sistem Informasi,F4.9,2,Wednesday,5,7,2,Theory
506,1,CIT60039,Pengembangan Aplikasi Web Lanjut,Teknologi Informasi,F3.11,3,Thursday,0,2,2,Theory
507,4,CIT60039,Pengembangan Aplikasi Web Lanjut,Teknologi Informasi,F3.11,1,Tuesday,5,7,2,Theory
508,16,CIT60039,Pengembangan Aplikasi Web Lanjut,Teknologi Informasi,F4.9,3,Thursday,9,11,2,Theory
509,31,CIT60039,Pengembangan Aplikasi Web Lanjut,Teknologi Informasi,F3.2,0,Monday,6,8,2,Theory
510,47,CIT60039,Pengembangan Aplikasi Web Lanjut,Teknologi Informasi,F3.13,3,Thursday,0,2,2,Theory
511,75,CIT60039,Pengembangan Aplikasi Web Lanjut,Teknologi Informasi,F3.7a,0,Monday,7,9,2,Theory
512,4,CIS61127,Pengembangan Berorientasi Penggunaan Ulang,Sistem Informasi,F3.7b,2,Wednesday,9,11,2,Theory
513,1,CIE62209,Pengembangan dan Manajemen Perangkat Lunak,Pendidikan Teknologi Informasi,F3.1,2,Wednesday,3,5,2,Theory
514,6,CIE62209,Pengembangan dan Manajemen Perangkat Lunak,Pendidikan Teknologi Informasi,F2.4,4,Friday,7,9,2,Theory
515,16,CIE62209,Pengembangan dan Manajemen Perangkat Lunak,Pendidikan Teknologi Informasi,F4.9,3,Thursday,11,13,2,Theory
516,22,CIE62209,Pengembangan dan Manajemen Perangkat Lunak,Pendidikan Teknologi Informasi,F3.5b,2,Wednesday,11,13,2,Theory
517,40,CIE62209,Pengembangan dan Manajemen Perangkat Lunak,Pendidikan Teknologi Informasi,F4.6,0,Monday,6,8,2,Theory
518,47,CIE62209,Pengembangan dan Manajemen Perangkat Lunak,Pendidikan Teknologi Informasi,F4.9,4,Friday,0,2,2,Theory
519,60,CIE62209,Pengembangan dan Manajemen Perangkat Lunak,Pendidikan Teknologi Informasi,F4.9,3,Thursday,2,4,2,Theory
520,62,CIE62209,Pengembangan dan Manajemen Perangkat Lunak,Pendidikan Teknologi Informasi,F2.1,2,Wednesday,9,11,2,Theory
521,67,CIE62209,Pengembangan dan Manajemen Perangkat Lunak,Pendidikan Teknologi Informasi,F3.1,1,Tuesday,0,2,2,Theory
522,76,CIE62209,Pengembangan dan Manajemen Perangkat Lunak,Pendidikan Teknologi Informasi,F2.2,0,Monday,11,13,2,Theory
523,TBA_20,CIE62209,Pengembangan dan Manajemen Perangkat Lunak,Pendidikan Teknologi Informasi,F3.17,1,Tuesday,5,7,2,Theory
524,1,CIE62209,Pengembangan dan Manajemen Perangkat Lunak - Praktikum,Pendidikan Teknologi Informasi,F2.6,4,Friday,6,8,2,Practicum
525,6,CIE62209,Pengembangan dan Manajemen Perangkat Lunak - Praktikum,Pendidikan Teknologi Informasi,G1.6,0,Monday,6,8,2,Practicum
526,16,CIE62209,Pengembangan dan Manajemen Perangkat Lunak - Praktikum,Pendidikan Teknologi Informasi,G1.3,2,Wednesday,11,13,2,Practicum
527,22,CIE62209,Pengembangan dan Manajemen Perangkat Lunak - Praktikum,Pendidikan Teknologi Informasi,F2.2,1,Tuesday,0,2,2,Practicum
528,40,CIE62209,Pengembangan dan Manajemen Perangkat Lunak - Praktikum,Pendidikan Teknologi Informasi,G1.5,2,Wednesday,0,2,2,Practicum
529,47,CIE62209,Pengembangan dan Manajemen Perangkat Lunak - Praktikum,Pendidikan Teknologi Informasi,F2.2,0,Monday,1,3,2,Practicum
530,60,CIE62209,Pengembangan dan Manajemen Perangkat Lunak - Praktikum,Pendidikan Teknologi Informasi,F2.9,3,Thursday,0,2,2,Practicum
531,62,CIE62209,Pengembangan dan Manajemen Perangkat Lunak - Praktikum,Pendidikan Teknologi Informasi,F2.4,0,Monday,0,2,2,Practicum
532,67,CIE62209,Pengembangan dan Manajemen Perangkat Lunak - Praktikum,Pendidikan Teknologi Informasi,G1.2,3,Thursday,0,2,2,Practicum
533,76,CIE62209,Pengembangan dan Manajemen Perangkat Lunak - Praktikum,Pendidikan Teknologi Informasi,G1.2,1,Tuesday,6,8,2,Practicum
534,TBA_20,CIE62209,Pengembangan dan Manajemen Perangkat Lunak - Praktikum,Pendidikan Teknologi Informasi,F2.9,1,Tuesday,1,3,2,Practicum
535,16,CIT60053,Pengembangan Gim,Teknologi Informasi,F3.9,2,Wednesday,9,11,2,Theory
536,TBA_21,CIE62104,Pengembangan Kurikulum,Pendidikan Teknologi Informasi,F2.5,0,Monday,8,10,2,Theory
537,TBA_22,CIE62104,Pengembangan Kurikulum,Pendidikan Teknologi Informasi,F2.2,3,Thursday,9,11,2,Theory
538,4,CIE62201,Perancangan Antarmuka Pengguna,Pendidikan Teknologi Informasi,F2.4,4,Friday,7,9,2,Theory
539,12,CIE62201,Perancangan Antarmuka Pengguna,Pendidikan Teknologi Informasi,G1.2,0,Monday,6,8,2,Theory
540,16,CIE62201,Perancangan Antarmuka Pengguna,Pendidikan Teknologi Informasi,F4.11,2,Wednesday,1,3,2,Theory
541,22,CIE62201,Perancangan Antarmuka Pengguna,Pendidikan Teknologi Informasi,F3.5a,1,Tuesday,11,13,2,Theory
542,45,CIE62201,Perancangan Antarmuka Pengguna,Pendidikan Teknologi Informasi,F3.8,1,Tuesday,6,8,2,Theory
543,47,CIE62201,Perancangan Antarmuka Pengguna,Pendidikan Teknologi Informasi,G1.4,1,Tuesday,1,3,2,Theory
544,60,CIE62201,Perancangan Antarmuka Pengguna,Pendidikan Teknologi Informasi,G1.2,2,Wednesday,4,6,2,Theory
545,62,CIE62201,Perancangan Antarmuka Pengguna,Pendidikan Teknologi Informasi,F4.7,2,Wednesday,6,8,2,Theory
546,98,CIE62201,Perancangan Antarmuka Pengguna,Pendidikan Teknologi Informasi,F4.14,3,Thursday,0,2,2,Theory
547,TBA_26,CIE62201,Perancangan Antarmuka Pengguna,Pendidikan Teknologi Informasi,F4.9,2,Wednesday,5,7,2,Theory
548,4,CIE62201,Perancangan Antarmuka Pengguna - Praktikum,Pendidikan Teknologi Informasi,G1.3,1,Tuesday,1,3,2,Practicum
549,12,CIE62201,Perancangan Antarmuka Pengguna - Praktikum,Pendidikan Teknologi Informasi,G1.4,1,Tuesday,9,11,2,Practicum
550,16,CIE62201,Perancangan Antarmuka Pengguna - Praktikum,Pendidikan Teknologi Informasi,G1.3,2,Wednesday,1,3,2,Practicum
551,22,CIE62201,Perancangan Antarmuka Pengguna - Praktikum,Pendidikan Teknologi Informasi,F2.1,3,Thursday,4,6,2,Practicum
552,45,CIE62201,Perancangan Antarmuka Pengguna - Praktikum,Pendidikan Teknologi Informasi,F2.4,3,Thursday,2,4,2,Practicum
553,47,CIE62201,Perancangan Antarmuka Pengguna - Praktikum,Pendidikan Teknologi Informasi,G1.4,2,Wednesday,8,10,2,Practicum
554,60,CIE62201,Perancangan Antarmuka Pengguna - Praktikum,Pendidikan Teknologi Informasi,F2.4,1,Tuesday,6,8,2,Practicum
555,62,CIE62201,Perancangan Antarmuka Pengguna - Praktikum,Pendidikan Teknologi Informasi,F2.2,1,Tuesday,0,2,2,Practicum
556,98,CIE62201,Perancangan Antarmuka Pengguna - Praktikum,Pendidikan Teknologi Informasi,F2.6,3,Thursday,0,2,2,Practicum
557,TBA_26,CIE62201,Perancangan Antarmuka Pengguna - Praktikum,Pendidikan Teknologi Informasi,F2.4,0,Monday,5,7,2,Practicum
558,4,CSD60711,Perancangan Pengalaman Pengguna,Pendidikan Teknologi Informasi,G1.2,1,Tuesday,11,13,2,Theory
559,12,CSD60711,Perancangan Pengalaman Pengguna,Pendidikan Teknologi Informasi,F4.9,2,Wednesday,11,13,2,Theory
560,16,CSD60711,Perancangan Pengalaman Pengguna,Pendidikan Teknologi Informasi,F2.1,2,Wednesday,2,4,2,Theory
561,22,CSD60711,Perancangan Pengalaman Pengguna,Pendidikan Teknologi Informasi,F3.7a,4,Friday,10,12,2,Theory
562,45,CSD60711,Perancangan Pengalaman Pengguna,Pendidikan Teknologi Informasi,F3.11,2,Wednesday,10,12,2,Theory
563,47,CSD60711,Perancangan Pengalaman Pengguna,Pendidikan Teknologi Informasi,F4.4,3,Thursday,5,7,2,Theory
564,62,CSD60711,Perancangan Pengalaman Pengguna,Pendidikan Teknologi Informasi,F3.10,2,Wednesday,3,5,2,Theory
565,4,CSD60711,Perancangan Pengalaman Pengguna,Sistem Informasi,F4.5,3,Thursday,7,9,2,Theory
566,47,CSD60711,Perancangan Pengalaman Pengguna,Sistem Informasi,F3.16,0,Monday,5,7,2,Theory
567,60,CSD60711,Perancangan Pengalaman Pengguna,Sistem Informasi,F3.5b,1,Tuesday,8,10,2,Theory
568,62,CSD60711,Perancangan Pengalaman Pengguna,Sistem Informasi,F2.6,0,Monday,2,4,2,Theory
569,87,CSD60711,Perancangan Pengalaman Pengguna,Sistem Informasi,G1.2,4,Friday,10,12,2,Theory
570,4,CSD60711,Perancangan Pengalaman Pengguna,Teknologi Informasi,F3.4,3,Thursday,2,4,2,Theory
571,12,CSD60711,Perancangan Pengalaman Pengguna,Teknologi Informasi,G1.3,0,Monday,7,9,2,Theory
572,16,CSD60711,Perancangan Pengalaman Pengguna,Teknologi Informasi,F4.11,3,Thursday,10,12,2,Theory
573,22,CSD60711,Perancangan Pengalaman Pengguna,Teknologi Informasi,F3.3,0,Monday,9,11,2,Theory
574,45,CSD60711,Perancangan Pengalaman Pengguna,Teknologi Informasi,F3.14,0,Monday,11,13,2,Theory
575,47,CSD60711,Perancangan Pengalaman Pengguna,Teknologi Informasi,F2.1,2,Wednesday,8,10,2,Theory
576,55,CSD60711,Perancangan Pengalaman Pengguna,Teknologi Informasi,F3.16,3,Thursday,9,11,2,Theory
577,60,CSD60711,Perancangan Pengalaman Pengguna,Teknologi Informasi,F3.10,0,Monday,8,10,2,Theory
578,62,CSD60711,Perancangan Pengalaman Pengguna,Teknologi Informasi,F3.14,0,Monday,10,12,2,Theory
579,4,CSD60711,Perancangan Pengalaman Pengguna - Praktikum,Pendidikan Teknologi Informasi,G1.5,3,Thursday,11,13,2,Practicum
580,12,CSD60711,Perancangan Pengalaman Pengguna - Praktikum,Pendidikan Teknologi Informasi,G1.2,0,Monday,10,12,2,Practicum
581,16,CSD60711,Perancangan Pengalaman Pengguna - Praktikum,Pendidikan Teknologi Informasi,F2.9,3,Thursday,5,7,2,Practicum
582,22,CSD60711,Perancangan Pengalaman Pengguna - Praktikum,Pendidikan Teknologi Informasi,G1.4,1,Tuesday,2,4,2,Practicum
583,45,CSD60711,Perancangan Pengalaman Pengguna - Praktikum,Pendidikan Teknologi Informasi,G1.2,0,Monday,0,2,2,Practicum
584,47,CSD60711,Perancangan Pengalaman Pengguna - Praktikum,Pendidikan Teknologi Informasi,F2.8,3,Thursday,5,7,2,Practicum
585,62,CSD60711,Perancangan Pengalaman Pengguna - Praktikum,Pendidikan Teknologi Informasi,F2.2,1,Tuesday,2,4,2,Practicum
586,6,CIS62110,Perencanaan Strategis Sistem Informasi,Sistem Informasi,F3.5a,3,Thursday,11,13,2,Theory
587,47,CIS62110,Perencanaan Strategis Sistem Informasi,Sistem Informasi,F3.3,2,Wednesday,6,8,2,Theory
588,12,CIS60101,Perkembangan dan Tren Teknologi Digital,Sistem Informasi,F3.3,1,Tuesday,5,7,2,Theory
589,16,CIS60101,Perkembangan dan Tren Teknologi Digital,Sistem Informasi,F3.2,2,Wednesday,6,8,2,Theory
590,21,CIS60101,Perkembangan dan Tren Teknologi Digital,Sistem Informasi,F3.5b,3,Thursday,9,11,2,Theory
591,40,CIS60101,Perkembangan dan Tren Teknologi Digital,Sistem Informasi,F4.11,2,Wednesday,5,7,2,Theory
592,47,CIS60101,Perkembangan dan Tren Teknologi Digital,Sistem Informasi,F2.5,2,Wednesday,11,13,2,Theory
593,87,CIS60101,Perkembangan dan Tren Teknologi Digital,Sistem Informasi,F4.12,0,Monday,6,8,2,Theory
594,94,CIS60101,Perkembangan dan Tren Teknologi Digital,Sistem Informasi,F4.6,0,Monday,1,3,2,Theory
595,108,CIS60101,Perkembangan dan Tren Teknologi Digital,Sistem Informasi,F2.6,1,Tuesday,7,9,2,Theory
596,TBA_42,CIS60101,Perkembangan dan Tren Teknologi Digital,Sistem Informasi,G1.4,3,Thursday,10,12,2,Theory
597,4,CIS62113,Pola-Pola Perancangan,Sistem Informasi,F4.7,0,Monday,10,12,2,Theory
598,16,CIS62113,Pola-Pola Perancangan,Sistem Informasi,F3.5b,3,Thursday,2,4,2,Theory
599,37,CIS62113,Pola-Pola Perancangan,Sistem Informasi,F4.9,0,Monday,1,3,2,Theory
600,76,CIS62113,Pola-Pola Perancangan,Sistem Informasi,F4.12,0,Monday,9,11,2,Theory
601,11,CSD60712,Probabilitas dan Statistika,Pendidikan Teknologi Informasi,F4.10,1,Tuesday,10,12,2,Theory
602,16,CSD60712,Probabilitas dan Statistika,Pendidikan Teknologi Informasi,F4.4,2,Wednesday,8,10,2,Theory
603,77,CSD60712,Probabilitas dan Statistika,Pendidikan Teknologi Informasi,F4.5,0,Monday,5,7,2,Theory
604,83,CSD60712,Probabilitas dan Statistika,Pendidikan Teknologi Informasi,F3.7a,0,Monday,6,8,2,Theory
605,92,CSD60712,Probabilitas dan Statistika,Pendidikan Teknologi Informasi,F3.14,2,Wednesday,9,11,2,Theory
606,100,CSD60712,Probabilitas dan Statistika,Pendidikan Teknologi Informasi,F3.17,0,Monday,8,10,2,Theory
607,107,CSD60712,Probabilitas dan Statistika,Pendidikan Teknologi Informasi,F4.14,3,Thursday,5,7,2,Theory
608,11,CSD60712,Probabilitas dan Statistika,Teknologi Informasi,G1.4,4,Friday,5,7,2,Theory
609,16,CSD60712,Probabilitas dan Statistika,Teknologi Informasi,F2.6,4,Friday,9,11,2,Theory
610,83,CSD60712,Probabilitas dan Statistika,Teknologi Informasi,F4.4,2,Wednesday,7,9,2,Theory
611,92,CSD60712,Probabilitas dan Statistika,Teknologi Informasi,F3.6,3,Thursday,10,12,2,Theory
612,93,CSD60712,Probabilitas dan Statistika,Teknologi Informasi,F4.5,0,Monday,9,11,2,Theory
613,100,CSD60712,Probabilitas dan Statistika,Teknologi Informasi,F4.9,2,Wednesday,10,12,2,Theory
614,107,CSD60712,Probabilitas dan Statistika,Teknologi Informasi,F3.5b,0,Monday,10,12,2,Theory
615,35,CIT60033,Sistem Forensik Digital,Teknologi Informasi,F3.15,1,Tuesday,9,11,2,Theory
616,41,CIT60033,Sistem Forensik Digital,Teknologi Informasi,F2.2,4,Friday,0,2,2,Theory
617,75,CIT60033,Sistem Forensik Digital,Teknologi Informasi,F4.9,3,Thursday,0,2,2,Theory
618,83,CIT60033,Sistem Forensik Digital,Teknologi Informasi,F3.14,3,Thursday,6,8,2,Theory
619,94,CIT60033,Sistem Forensik Digital,Teknologi Informasi,F3.14,1,Tuesday,0,2,2,Theory
620,16,CIS60106,Sistem Informasi Berkelanjutan,Sistem Informasi,F3.12,2,Wednesday,3,5,2,Theory
621,53,CIS60106,Sistem Informasi Berkelanjutan,Sistem Informasi,F2.8,2,Wednesday,0,2,2,Theory
622,94,CIS60106,Sistem Informasi Berkelanjutan,Sistem Informasi,F2.1,2,Wednesday,1,3,2,Theory
623,108,CIS60106,Sistem Informasi Berkelanjutan,Sistem Informasi,F3.1,2,Wednesday,9,11,2,Theory
624,TBA_43,CIS60106,Sistem Informasi Berkelanjutan,Sistem Informasi,F3.8,4,Friday,1,3,2,Theory
625,11,CSD60710,Sistem Informasi Geografis,Teknologi Informasi,F2.6,2,Wednesday,1,3,2,Theory
626,11,CSD60710,Sistem Informasi Geografis - Praktikum,Teknologi Informasi,G1.4,3,Thursday,9,11,2,Practicum
627,16,CIT62010,Sistem Operasi,Teknologi Informasi,G1.3,1,Tuesday,3,5,2,Theory
628,20,CIT62010,Sistem Operasi,Teknologi Informasi,F3.6,1,Tuesday,2,4,2,Theory
629,58,CIT62010,Sistem Operasi,Teknologi Informasi,F4.3,0,Monday,4,6,2,Theory
630,65,CIT62010,Sistem Operasi,Teknologi Informasi,G1.2,2,Wednesday,4,6,2,Theory
631,75,CIT62010,Sistem Operasi,Teknologi Informasi,F4.13,2,Wednesday,1,3,2,Theory
632,79,CIT62010,Sistem Operasi,Teknologi Informasi,G1.2,3,Thursday,10,12,2,Theory
633,94,CIT62010,Sistem Operasi,Teknologi Informasi,F4.9,3,Thursday,1,3,2,Theory
634,103,CIT62010,Sistem Operasi,Teknologi Informasi,F3.16,0,Monday,8,10,2,Theory
635,TBA_52,CIT62010,Sistem Operasi,Teknologi Informasi,F4.9,2,Wednesday,2,4,2,Theory
636,16,CIE62307,"Sistem Pembelajaran Berbasis Multimedia, Gim, dan Peranti Bergerak",Pendidikan Teknologi Informasi,G1.4,3,Thursday,0,2,2,Theory
637,47,CIE62307,"Sistem Pembelajaran Berbasis Multimedia, Gim, dan Peranti Bergerak",Pendidikan Teknologi Informasi,F3.5a,0,Monday,5,7,2,Theory
638,62,CIE62307,"Sistem Pembelajaran Berbasis Multimedia, Gim, dan Peranti Bergerak",Pendidikan Teknologi Informasi,F3.9,0,Monday,11,13,2,Theory
639,103,CIE62307,"Sistem Pembelajaran Berbasis Multimedia, Gim, dan Peranti Bergerak",Pendidikan Teknologi Informasi,F4.11,4,Friday,5,7,2,Theory
640,16,CIE62118,Sistem Pembelajaran Bergamifikasi dan Terpersonalisasi,Pendidikan Teknologi Informasi,F3.1,3,Thursday,5,7,2,Theory
641,40,CIE62118,Sistem Pembelajaran Bergamifikasi dan Terpersonalisasi,Pendidikan Teknologi Informasi,F3.7a,0,Monday,2,4,2,Theory
642,47,CIE62118,Sistem Pembelajaran Bergamifikasi dan Terpersonalisasi,Pendidikan Teknologi Informasi,F2.4,2,Wednesday,3,5,2,Theory
643,103,CIE62118,Sistem Pembelajaran Bergamifikasi dan Terpersonalisasi,Pendidikan Teknologi Informasi,F4.3,4,Friday,5,7,2,Theory
644,TBA_29,CIE62118,Sistem Pembelajaran Bergamifikasi dan Terpersonalisasi,Pendidikan Teknologi Informasi,F3.7a,3,Thursday,5,7,2,Theory
645,16,CIE62308,Sistem Pembelajaran Jarak Jauh,Pendidikan Teknologi Informasi,F4.14,4,Friday,0,2,2,Theory
646,47,CIE62308,Sistem Pembelajaran Jarak Jauh,Pendidikan Teknologi Informasi,F3.4,2,Wednesday,1,3,2,Theory
647,15,CSD60702,Sistem Pendukung Keputusan,Sistem Informasi,F3.3,2,Wednesday,1,3,2,Theory
648,16,CSD60702,Sistem Pendukung Keputusan,Sistem Informasi,F3.5a,4,Friday,10,12,2,Theory
649,20,CSD60702,Sistem Pendukung Keputusan,Sistem Informasi,F2.5,2,Wednesday,3,5,2,Theory
650,29,CSD60702,Sistem Pendukung Keputusan,Sistem Informasi,G1.2,4,Friday,2,4,2,Theory
651,30,CSD60702,Sistem Pendukung Keputusan,Sistem Informasi,F3.16,0,Monday,3,5,2,Theory
652,52,CSD60702,Sistem Pendukung Keputusan,Sistem Informasi,F3.15,2,Wednesday,5,7,2,Theory
653,73,CSD60702,Sistem Pendukung Keputusan,Sistem Informasi,F3.17,0,Monday,0,2,2,Theory
654,83,CSD60702,Sistem Pendukung Keputusan,Sistem Informasi,F3.13,1,Tuesday,7,9,2,Theory
655,92,CSD60702,Sistem Pendukung Keputusan,Sistem Informasi,F3.6,1,Tuesday,5,7,2,Theory
656,94,CSD60702,Sistem Pendukung Keputusan,Sistem Informasi,F4.7,2,Wednesday,6,8,2,Theory
657,107,CSD60702,Sistem Pendukung Keputusan,Sistem Informasi,F3.12,1,Tuesday,8,10,2,Theory
658,108,CSD60702,Sistem Pendukung Keputusan,Sistem Informasi,F3.11,2,Wednesday,4,6,2,Theory
659,53,CIS60105,Strategi Transformasi Digital,Sistem Informasi,F3.6,1,Tuesday,6,8,2,Theory
660,94,CIS60105,Strategi Transformasi Digital,Sistem Informasi,F3.11,0,Monday,6,8,2,Theory
661,108,CIS60105,Strategi Transformasi Digital,Sistem Informasi,F4.6,0,Monday,6,8,2,Theory
662,TBA_44,CIS60105,Strategi Transformasi Digital,Sistem Informasi,G1.2,0,Monday,3,5,2,Theory
663,14,CIT60047,Tata Kelola dan Kebijakan Keamanan Siber,Teknologi Informasi,F3.4,1,Tuesday,0,2,2,Theory
664,17,CIT60047,Tata Kelola dan Kebijakan Keamanan Siber,Teknologi Informasi,F3.16,1,Tuesday,6,8,2,Theory
665,46,CIT60047,Tata Kelola dan Kebijakan Keamanan Siber,Teknologi Informasi,F3.6,1,Tuesday,5,7,2,Theory
666,94,CIT60047,Tata Kelola dan Kebijakan Keamanan Siber,Teknologi Informasi,G1.4,4,Friday,6,8,2,Theory
667,TBA_53,CIT60047,Tata Kelola dan Kebijakan Keamanan Siber,Teknologi Informasi,F4.6,1,Tuesday,9,11,2,Theory
668,16,CIT60049,Teknologi Basis Data Non Relational,Teknologi Informasi,F4.2,0,Monday,7,9,2,Theory
669,102,CIT60049,Teknologi Basis Data Non Relational,Teknologi Informasi,F4.12,2,Wednesday,1,3,2,Theory
670,TBA_54,CIT60049,Teknologi Basis Data Non Relational,Teknologi Informasi,F3.9,1,Tuesday,0,2,2,Theory
671,16,CIT60036,Teknologi Berbasis Cloud,Teknologi Informasi,F4.13,3,Thursday,8,10,2,Theory
672,20,CIT60036,Teknologi Berbasis Cloud,Teknologi Informasi,F3.10,1,Tuesday,3,5,2,Theory
673,35,CIT60036,Teknologi Berbasis Cloud,Teknologi Informasi,F3.9,2,Wednesday,0,2,2,Theory
674,46,CIT60036,Teknologi Berbasis Cloud,Teknologi Informasi,F4.9,1,Tuesday,1,3,2,Theory
675,75,CIT60036,Teknologi Berbasis Cloud,Teknologi Informasi,F3.3,3,Thursday,3,5,2,Theory
676,104,CIT60036,Teknologi Berbasis Cloud,Teknologi Informasi,F3.12,4,Friday,6,8,2,Theory
677,14,CSD60717,Teknologi Blockchain dan Platform Keuangan Digital,Sistem Informasi,F3.13,2,Wednesday,9,11,2,Theory
678,17,CSD60717,Teknologi Blockchain dan Platform Keuangan Digital,Sistem Informasi,F4.5,2,Wednesday,2,4,2,Theory
679,47,CSD60717,Teknologi Blockchain dan Platform Keuangan Digital,Sistem Informasi,F4.6,4,Friday,3,5,2,Theory
680,105,CSD60717,Teknologi Blockchain dan Platform Keuangan Digital,Sistem Informasi,F3.5a,0,Monday,2,4,2,Theory
681,TBA_45,CSD60717,Teknologi Blockchain dan Platform Keuangan Digital,Sistem Informasi,F3.15,0,Monday,10,12,2,Theory
682,14,CIT60042,Teknologi Blockchain dan Platform Keuangan Digital,Teknologi Informasi,F3.9,3,Thursday,5,7,2,Theory
683,46,CIT60042,Teknologi Blockchain dan Platform Keuangan Digital,Teknologi Informasi,F3.13,3,Thursday,8,10,2,Theory
684,47,CIT60042,Teknologi Blockchain dan Platform Keuangan Digital,Teknologi Informasi,F3.18,2,Wednesday,0,2,2,Theory
685,16,CIT62017,Teknologi Integrasi Sistem,Teknologi Informasi,F2.6,0,Monday,9,12,3,Theory
686,20,CIT62017,Teknologi Integrasi Sistem,Teknologi Informasi,F3.17,2,Wednesday,0,3,3,Theory
687,22,CIT62017,Teknologi Integrasi Sistem,Teknologi Informasi,F3.1,0,Monday,10,13,3,Theory
688,TBA_55,CIT62017,Teknologi Integrasi Sistem,Teknologi Informasi,F4.7,0,Monday,9,12,3,Theory
689,16,CIT62017,Teknologi Integrasi Sistem - Praktikum,Teknologi Informasi,G1.6,3,Thursday,0,3,3,Practicum
690,20,CIT62017,Teknologi Integrasi Sistem - Praktikum,Teknologi Informasi,G1.4,1,Tuesday,5,8,3,Practicum
691,22,CIT62017,Teknologi Integrasi Sistem - Praktikum,Teknologi Informasi,F2.2,0,Monday,3,6,3,Practicum
692,TBA_55,CIT62017,Teknologi Integrasi Sistem - Praktikum,Teknologi Informasi,F2.4,0,Monday,2,5,3,Practicum
693,17,CIE62116,Teknologi Komputasi Awan,Pendidikan Teknologi Informasi,F4.7,3,Thursday,4,6,2,Theory
694,20,CIE62116,Teknologi Komputasi Awan,Pendidikan Teknologi Informasi,G1.2,3,Thursday,4,6,2,Theory
695,TBA_30,CIE62116,Teknologi Komputasi Awan,Pendidikan Teknologi Informasi,F3.5a,1,Tuesday,0,2,2,Theory
696,16,CIE62117,Teknologi Peranti Internet,Pendidikan Teknologi Informasi,F3.8,4,Friday,8,10,2,Theory
697,17,CIE62117,Teknologi Peranti Internet,Pendidikan Teknologi Informasi,F3.11,0,Monday,6,8,2,Theory
698,20,CIE62117,Teknologi Peranti Internet,Pendidikan Teknologi Informasi,F4.2,1,Tuesday,4,6,2,Theory
699,79,CIE62117,Teknologi Peranti Internet,Pendidikan Teknologi Informasi,G1.2,1,Tuesday,8,10,2,Theory
700,103,CIE62117,Teknologi Peranti Internet,Pendidikan Teknologi Informasi,F3.2,0,Monday,6,8,2,Theory
701,TBA_31,CIE62117,Teknologi Peranti Internet,Pendidikan Teknologi Informasi,G1.4,1,Tuesday,5,7,2,Theory
702,16,CIE62202,Teknologi Platform,Pendidikan Teknologi Informasi,G1.4,2,Wednesday,0,2,2,Theory
703,17,CIE62202,Teknologi Platform,Pendidikan Teknologi Informasi,F4.10,0,Monday,1,3,2,Theory
704,47,CIE62202,Teknologi Platform,Pendidikan Teknologi Informasi,F3.5a,3,Thursday,5,7,2,Theory
705,TBA_32,CIE62202,Teknologi Platform,Pendidikan Teknologi Informasi,F2.5,0,Monday,3,5,2,Theory
706,6,CIT60051,Teknologi Smart City,Teknologi Informasi,F4.13,3,Thursday,9,11,2,Theory
707,20,CIT60051,Teknologi Smart City,Teknologi Informasi,F3.6,0,Monday,11,13,2,Theory
708,47,CIT60051,Teknologi Smart City,Teknologi Informasi,G1.3,2,Wednesday,6,8,2,Theory
709,58,CIT60051,Teknologi Smart City,Teknologi Informasi,F3.18,3,Thursday,5,7,2,Theory
710,67,CIT60051,Teknologi Smart City,Teknologi Informasi,F3.8,1,Tuesday,9,11,2,Theory
711,105,CIT60051,Teknologi Smart City,Teknologi Informasi,F4.9,2,Wednesday,0,2,2,Theory
712,100,CIE62106,Teori dan Sains Belajar,Pendidikan Teknologi Informasi,F2.6,2,Wednesday,8,10,2,Theory
713,TBA_33,CIE62106,Teori dan Sains Belajar,Pendidikan Teknologi Informasi,G1.4,1,Tuesday,9,11,2,Theory
714,TBA_34,CIE62106,Teori dan Sains Belajar,Pendidikan Teknologi Informasi,F3.2,0,Monday,10,12,2,Theory
715,11,CIS60104,Transformasi Pemerintah,Sistem Informasi,G1.5,1,Tuesday,5,7,2,Theory
716,12,CIS60104,Transformasi Pemerintah,Sistem Informasi,F3.8,2,Wednesday,11,13,2,Theory
717,21,CIS60104,Transformasi Pemerintah,Sistem Informasi,G1.2,1,Tuesday,11,13,2,Theory
718,47,CIS60104,Transformasi Pemerintah,Sistem Informasi,F4.9,2,Wednesday,8,10,2,Theory
719,94,CIS60104,Transformasi Pemerintah,Sistem Informasi,F3.5b,2,Wednesday,2,4,2,Theory
720,108,CIS60104,Transformasi Pemerintah,Sistem Informasi,F4.3,4,Friday,5,7,2,Theory
721,TBA_46,CIS60104,Transformasi Pemerintah,Sistem Informasi,G1.5,1,Tuesday,3,5,2,Theory
